V,VA1,VA2,B,BA1,BA2
0.5363223,0.5201209,0.5201209,0.4038474,0.4854973,0.4148974
0.6047508,0.4155323,0.4155323,0.5235858,0.4782755,0.4969395
0.579907,0.4849232,0.4849232,0.4077054,0.457856,0.3616917
0.5327879,0.6524286,0.6524286,0.618237,0.7218602,0.7028617
0.6112761,0.5732688,0.5732688,0.5398731,0.5860914,0.600383
0.6218603,0.719802,0.719802,0.8557276,0.7606556,0.8169894
0.5907423,0.3854508,0.3854508,0.4226327,0.3635708,0.3347206
0.4520183,0.4645578,0.4645578,0.6211455,0.4917693,0.5379724
0.5661901,0.4302438,0.4302438,0.4245191,0.4120915,0.3824599
0.5914897,0.6304487,0.6304487,0.5807218,0.6576415,0.6701813
0.3083873,0.4297351,0.4297351,0.3732783,0.4057503,0.3118686
0.690647,0.4490757,0.4490757,0.4974095,0.453539,0.4739922
0.3335175,0.3931667,0.3931667,0.3845914,0.3710881,0.438134
0.3895153,0.3763829,0.3763829,0.3964015,0.3435296,0.34994
0.315706,0.3315581,0.3315581,0.3784096,0.3070639,0.3266822
0.2867735,0.3995862,0.3995862,0.3717245,0.3765462,0.3146089
0.6205817,0.3916088,0.3916088,0.4194285,0.3646327,0.3549571
0.6307304,0.6467335,0.6467335,0.6662296,0.7142328,0.7169155
0.8631746,0.9400099,0.9400099,0.9840358,0.9475213,0.9505351
0.4038831,0.3578333,0.3578333,0.4094464,0.3529714,0.345699
0.521134,0.4955864,0.4955864,0.3977136,0.475172,0.3725085
0.5153118,0.4640415,0.4640415,0.4125824,0.4457947,0.4679207
0.4482502,0.3534996,0.3534996,0.3954288,0.335757,0.3433815
0.5553432,0.4808743,0.4808743,0.4012496,0.4604793,0.4614701
0.3802422,0.4444461,0.4444461,0.3953564,0.4245845,0.3462578
0.3039045,0.3540236,0.3540236,0.3809639,0.3268676,0.310936
0.5835221,0.5725927,0.5725927,0.4500364,0.5773338,0.6281241
0.6126266,0.5781146,0.5781146,0.4619527,0.581157,0.6298317
0.6055781,0.3628167,0.3628167,0.4098802,0.3410054,0.3402534
0.6888997,0.4513627,0.4513627,0.6001131,0.4872642,0.5367496
0.3232878,0.3394734,0.3394734,0.3833405,0.3229142,0.3723907
0.4281153,0.4874234,0.4874234,0.4512763,0.4802823,0.4263449
0.5885754,0.4483146,0.4483146,0.5676285,0.4873104,0.497711
0.389653,0.4038502,0.4038502,0.3895345,0.3719395,0.358882
0.3283204,0.4498377,0.4498377,0.376851,0.427302,0.3319384
0.5840884,0.5366211,0.5366211,0.5050771,0.5595239,0.5726961
0.5863507,0.4343496,0.4343496,0.5532528,0.4731231,0.5217009
0.3662291,0.4605393,0.4605393,0.397614,0.439122,0.3349018
0.2988551,0.3117857,0.3117857,0.3755865,0.2872988,0.3309448
0.6617429,0.5363703,0.5363703,0.441545,0.5381863,0.5865765
0.2763408,0.3253974,0.3253974,0.3856028,0.3123615,0.3349142
0.3989597,0.4762354,0.4762354,0.3892101,0.4495656,0.3803274
0.5013108,0.3947145,0.3947145,0.507505,0.4515563,0.4769321
0.4921172,0.3778627,0.3778627,0.5060019,0.4419549,0.472098
0.6214552,0.5143901,0.5143901,0.5483191,0.5561558,0.6081877
0.3105657,0.3439991,0.3439991,0.3760387,0.3197776,0.3224386
0.3051637,0.3258611,0.3258611,0.4014381,0.3025751,0.3271949
0.3294427,0.3885574,0.3885574,0.3850168,0.3595687,0.3252642
0.6346342,0.5606691,0.5606691,0.5928776,0.6036478,0.6204888
0.3488955,0.4363381,0.4363381,0.3947422,0.4164378,0.3268962
0.2852447,0.3343489,0.3343489,0.3855408,0.3214726,0.346028
0.4134833,0.4170725,0.4170725,0.5068351,0.4910319,0.5225187
0.280926,0.3100585,0.3100585,0.3753189,0.2851858,0.2907588
0.4171786,0.3910708,0.3910708,0.4159134,0.386292,0.3636102
0.6010955,0.3662239,0.3662239,0.4178198,0.3368962,0.3371774
0.4791939,0.390864,0.390864,0.4044015,0.3704128,0.4222374
0.6074991,0.4041667,0.4041667,0.5324164,0.4527348,0.4868029
0.6411822,0.7575402,0.7575402,0.9249528,0.772906,0.8293845
0.3209319,0.3507624,0.3507624,0.3867654,0.3308673,0.3491483
0.5174232,0.3990846,0.3990846,0.5007198,0.4646105,0.4725336
0.3445008,0.4126265,0.4126265,0.3806029,0.3861664,0.3916195
0.3095564,0.3575298,0.3575298,0.3831341,0.3338712,0.3836631
0.3853031,0.4069237,0.4069237,0.4152768,0.372012,0.367781
0.9274724,0.9904547,0.9904547,0.9936163,0.9942024,0.9999943
0.4858792,0.4045515,0.4045515,0.4232715,0.3965706,0.403227
0.6285644,0.5646392,0.5646392,0.5603637,0.5983434,0.6113971
0.3466625,0.4156304,0.4156304,0.3989436,0.3942173,0.3362833
0.492938,0.4787778,0.4787778,0.412631,0.4485873,0.4948398
0.6367458,0.4175566,0.4175566,0.4044158,0.3958456,0.4271957
0.553173,0.3695048,0.3695048,0.3991947,0.3522901,0.3574918
0.5676798,0.647808,0.647808,0.7332964,0.6819448,0.6782994
0.3156808,0.3260484,0.3260484,0.3841524,0.3157698,0.3563821
0.5229495,0.5477174,0.5477174,0.390601,0.5204831,0.4650817
0.5326928,0.4522682,0.4522682,0.5182284,0.5178633,0.5479678
0.6258184,0.4107939,0.4107939,0.4032304,0.3834858,0.3550475
0.3378106,0.3810264,0.3810264,0.3961565,0.3503348,0.3835834
0.4965859,0.4151046,0.4151046,0.4232112,0.4201612,0.3923165
0.5997862,0.5366521,0.5366521,0.5124769,0.5616319,0.5816393
0.7865377,0.8101468,0.8101468,0.8577921,0.8713077,0.9397707
0.5068539,0.3719412,0.3719412,0.4347926,0.3648132,0.3676842
0.5608993,0.4552584,0.4552584,0.5349493,0.5087061,0.5334263
0.3061682,0.3206534,0.3206534,0.3771566,0.2962449,0.3227449
0.3742789,0.3781843,0.3781843,0.3835272,0.356835,0.4220143
0.734241,0.6597221,0.6597221,0.4302937,0.6256301,0.550765
0.2875621,0.3163343,0.3163343,0.3995891,0.2965431,0.3360045
0.3749758,0.341754,0.341754,0.3766842,0.3184312,0.3361852
0.3035474,0.4127162,0.4127162,0.3725707,0.3894732,0.2976517
0.7626575,0.9573011,0.9573011,0.9809801,0.9663239,0.9732162
0.3329501,0.3511836,0.3511836,0.3972305,0.3311994,0.3404164
0.3599272,0.5310741,0.5310741,0.3858689,0.510903,0.4612392
0.5117569,0.4070145,0.4070145,0.4228799,0.386051,0.4066171
0.3176104,0.3701617,0.3701617,0.385613,0.3422444,0.3536369
0.420182,0.3640995,0.3640995,0.3954211,0.3489629,0.3636277
0.3201433,0.3740086,0.3740086,0.4026127,0.3712116,0.3716304
0.3607547,0.4592304,0.4592304,0.3919378,0.4258119,0.3146601
0.997454,0.9979294,0.9979294,1,0.9979294,0.9999007
0.5567669,0.4416165,0.4416165,0.4240262,0.4059663,0.3587328
0.3546843,0.3776562,0.3776562,0.3989363,0.3668078,0.3481601
0.2864766,0.3298352,0.3298352,0.3904803,0.3139145,0.3317345
0.61154,0.5845067,0.5845067,0.6375466,0.5977446,0.6072737
0.472192,0.456092,0.456092,0.3814297,0.4318999,0.3347099
0.2633424,0.302925,0.302925,0.3941557,0.287005,0.323581
0.389807,0.4163184,0.4163184,0.3879024,0.4003171,0.3924269
0.2757033,0.3079285,0.3079285,0.3789399,0.2929678,0.3287185
0.5789184,0.5087376,0.5087376,0.4121214,0.4866262,0.4442352
0.8086032,0.9555195,0.9555195,0.9595789,0.9805927,0.9959009
0.5119912,0.4027587,0.4027587,0.5206916,0.4623369,0.5001901
0.6125196,0.4178231,0.4178231,0.5570835,0.4502132,0.4927464
0.5453428,0.6158233,0.6158233,0.6023362,0.6764101,0.683142
0.3655652,0.3247023,0.3247023,0.3756683,0.3018074,0.3228876
0.4592989,0.4561133,0.4561133,0.3836147,0.4298616,0.3271532
0.7226757,0.6416509,0.6416509,0.4831822,0.6367862,0.6945954
0.530089,0.4928064,0.4928064,0.5202181,0.5467507,0.5482731
0.5637706,0.6439678,0.6439678,0.6172102,0.7108254,0.7042424
0.5655773,0.6239126,0.6239126,0.4340605,0.5882261,0.5082358
0.3475593,0.3823201,0.3823201,0.4273398,0.3641414,0.3764603
0.5239452,0.4621436,0.4621436,0.5724954,0.5212748,0.5239569
0.3427104,0.4961486,0.4961486,0.3882413,0.4809922,0.3791952
0.5341197,0.4607069,0.4607069,0.466107,0.4778916,0.4871804
0.3363783,0.3438311,0.3438311,0.3971862,0.323998,0.3247629
0.3514672,0.3502439,0.3502439,0.393858,0.3334406,0.3762334
0.3618191,0.3892783,0.3892783,0.4182155,0.3877696,0.3759389
0.5736523,0.5724728,0.5724728,0.4128604,0.5465222,0.4568059
0.4177514,0.3568574,0.3568574,0.4099205,0.3331776,0.3751442
0.2907303,0.3200801,0.3200801,0.3776648,0.3055046,0.3392153
0.3208351,0.473263,0.473263,0.386285,0.4581775,0.3524577
0.2585333,0.3379488,0.3379488,0.3785978,0.3309501,0.3492252
0.4144952,0.3701308,0.3701308,0.3933182,0.3618114,0.3720614
0.3558422,0.3023333,0.3023333,0.3916853,0.2855922,0.3368288
0.420992,0.3378933,0.3378933,0.4094056,0.3360701,0.3533735
0.8115503,0.7410584,0.7410584,0.7657022,0.8026127,0.844495
0.5590736,0.3858153,0.3858153,0.5782497,0.4395801,0.4825523
0.3750206,0.3453272,0.3453272,0.4072802,0.3296712,0.3524474
0.4122826,0.4099351,0.4099351,0.4024575,0.3827237,0.3317954
0.8007425,0.8684207,0.8684207,0.9174842,0.9082554,0.9785461
0.301215,0.312702,0.312702,0.3733169,0.2893437,0.3208557
0.7491898,0.7604081,0.7604081,0.8385231,0.7732733,0.8080932
0.3483712,0.3339389,0.3339389,0.4102192,0.309168,0.3458211
0.3834407,0.3632688,0.3632688,0.4097641,0.3470577,0.3727864
0.3303814,0.3129848,0.3129848,0.390638,0.294659,0.3457899
0.3116352,0.3457791,0.3457791,0.3864698,0.3342146,0.3576414
0.4436118,0.5497579,0.5497579,0.4886375,0.5882179,0.6192743
0.4969942,0.3565338,0.3565338,0.4162258,0.3489632,0.3458304
0.603745,0.4455994,0.4455994,0.4134674,0.4239721,0.3555552
0.3230358,0.3304874,0.3304874,0.3944778,0.3106882,0.335343
0.3726625,0.3943945,0.3943945,0.4265832,0.3779774,0.4003181
0.4938332,0.5027875,0.5027875,0.4110027,0.4766818,0.4145492
0.2956163,0.375578,0.375578,0.3943991,0.3608252,0.3673144
0.5593201,0.623138,0.623138,0.6017307,0.6419614,0.6348785
0.3733823,0.3929479,0.3929479,0.3848904,0.3732346,0.437649
0.3437147,0.3979347,0.3979347,0.3812504,0.3707777,0.3245265
0.2786378,0.3179661,0.3179661,0.3790744,0.3021995,0.3347166
0.5328273,0.4574491,0.4574491,0.5541705,0.5069581,0.5126176
0.5485391,0.600921,0.600921,0.5982454,0.6735937,0.6698025
0.5735647,0.5096554,0.5096554,0.6210204,0.5380075,0.586707
0.2977968,0.3942301,0.3942301,0.3766784,0.3685498,0.302615
0.3443351,0.4675878,0.4675878,0.3850798,0.4366519,0.3494884
0.6973484,0.6711998,0.6711998,0.5020549,0.6694119,0.7258028
0.3029255,0.3318621,0.3318621,0.4113133,0.3279275,0.3459221
0.3208396,0.3362183,0.3362183,0.3893067,0.3170849,0.3697232
0.3874607,0.4325329,0.4325329,0.4157573,0.4163215,0.3527463
0.3973887,0.5405368,0.5405368,0.3882026,0.5233485,0.454
0.291857,0.3326134,0.3326134,0.3762547,0.3068752,0.315374
0.6359943,0.5519534,0.5519534,0.6153233,0.5942861,0.6293267
0.5775968,0.4677097,0.4677097,0.4116985,0.4391252,0.378453
0.5598062,0.3458309,0.3458309,0.418043,0.3321945,0.3596324
0.43183,0.4958388,0.4958388,0.3921678,0.4708476,0.4498126
0.3807538,0.409684,0.409684,0.3920298,0.3853429,0.4560493
0.4460643,0.4467809,0.4467809,0.4147024,0.4567666,0.4080282
0.3277375,0.3307001,0.3307001,0.3775486,0.3157473,0.3365285
0.3085362,0.4367981,0.4367981,0.3851367,0.4234842,0.4376351
0.337017,0.3070265,0.3070265,0.3910274,0.2932436,0.3331825
0.4594921,0.4332419,0.4332419,0.3967558,0.413775,0.3232075
0.3033344,0.3189317,0.3189317,0.37353,0.2975727,0.3090075
0.4856771,0.367892,0.367892,0.4157325,0.3607279,0.3562324
0.5357883,0.5457832,0.5457832,0.5665171,0.6104536,0.625941
0.4463827,0.4627963,0.4627963,0.396916,0.4523191,0.3547465
0.782608,0.6071822,0.6071822,0.5031995,0.6055897,0.6481437
0.2982934,0.3335561,0.3335561,0.3855385,0.3148606,0.321856
0.8395865,0.5774645,0.5774645,0.4734795,0.5391168,0.6053862
0.7268361,0.7940221,0.7940221,0.9262476,0.8090985,0.872959
0.4688497,0.562868,0.562868,0.5025772,0.5553256,0.5337393
0.5933863,0.5592046,0.5592046,0.4231049,0.5278152,0.5288619
0.5939151,0.4011953,0.4011953,0.4420977,0.3898171,0.3693114
0.3592701,0.4692084,0.4692084,0.3951222,0.451642,0.3904772
0.3084621,0.3448631,0.3448631,0.3791996,0.3188656,0.3224212
0.720343,0.5295857,0.5295857,0.5560518,0.5654546,0.6077403
0.4795585,0.521574,0.521574,0.402389,0.4879982,0.4338723
0.3016561,0.3814692,0.3814692,0.3963302,0.3665185,0.381244
0.4542175,0.4670128,0.4670128,0.4329962,0.453809,0.3891661
0.576756,0.5639477,0.5639477,0.4746774,0.5871309,0.5877593
0.5836988,0.4285063,0.4285063,0.4356657,0.4204418,0.4224889
0.3556067,0.4436299,0.4436299,0.4275263,0.4407568,0.432092
0.4099233,0.463991,0.463991,0.3918537,0.4465148,0.3420632
0.5671004,0.3959532,0.3959532,0.429351,0.3746158,0.3782164
0.3835604,0.4038789,0.4038789,0.376213,0.3832072,0.3699478
0.2878047,0.3505957,0.3505957,0.3779532,0.3255244,0.3142003
0.3041285,0.4400266,0.4400266,0.3885891,0.4240079,0.4399719
0.3202912,0.3626878,0.3626878,0.3978236,0.3539554,0.3646233
0.578296,0.5552739,0.5552739,0.4806161,0.5674667,0.6042117
0.3558457,0.4579301,0.4579301,0.4001367,0.4358856,0.436644
0.3985219,0.457443,0.457443,0.3882625,0.4305607,0.3655359
0.5937251,0.5304614,0.5304614,0.5231368,0.5853712,0.6440834
0.3587205,0.4464291,0.4464291,0.3937597,0.4268506,0.3615675
0.3326633,0.4183221,0.4183221,0.3779061,0.3956176,0.3341339
0.718389,0.9073009,0.9073009,0.9759384,0.9163175,0.9739951
0.2969035,0.3347973,0.3347973,0.3829672,0.3167944,0.3370533
0.3051699,0.3584528,0.3584528,0.3782496,0.3346808,0.3009984
0.6423441,0.4604067,0.4604067,0.546431,0.5061844,0.5483028
0.3230481,0.355268,0.355268,0.3882873,0.3257292,0.3321801
0.498957,0.446413,0.446413,0.4111797,0.4344548,0.3912223
0.4944515,0.3935901,0.3935901,0.4350835,0.3859599,0.3774834
0.6825916,0.6952776,0.6952776,0.6019732,0.7127472,0.6907087
0.3641058,0.3565251,0.3565251,0.4226023,0.3194933,0.3671372
0.618912,0.478261,0.478261,0.4349743,0.4625199,0.3627744
0.4270258,0.4661232,0.4661232,0.388897,0.4498646,0.4571696
0.4031473,0.4906987,0.4906987,0.4054553,0.4834261,0.4554002
0.5228643,0.5127696,0.5127696,0.4387355,0.5021664,0.5047536
0.2905797,0.3728423,0.3728423,0.4085434,0.3628422,0.3678876
0.3735304,0.4422922,0.4422922,0.3982415,0.40678,0.3563014
0.4717607,0.3804681,0.3804681,0.399587,0.3702136,0.3894072
0.3592572,0.3570472,0.3570472,0.3834019,0.3311539,0.343566
0.2659818,0.3400481,0.3400481,0.3798118,0.3323315,0.3515353
0.4255757,0.3946297,0.3946297,0.4109681,0.3854595,0.4248987
0.5143526,0.5273818,0.5273818,0.4776963,0.548546,0.5460553
0.5448515,0.518404,0.518404,0.4088494,0.5020638,0.4975446
0.7258801,0.9240917,0.9240917,0.9695932,0.9359175,0.9784563
0.6745383,0.6578326,0.6578326,0.6292617,0.7159225,0.7081162
0.3217086,0.4723068,0.4723068,0.3862395,0.444301,0.3515091
0.5069153,0.4221334,0.4221334,0.4229559,0.4081028,0.4069911
0.608383,0.6175038,0.6175038,0.490663,0.6118597,0.578704
0.6370008,0.4834099,0.4834099,0.4268842,0.455733,0.3739309
0.309391,0.4816371,0.4816371,0.3883991,0.466309,0.3663868
0.3960241,0.4834653,0.4834653,0.4019719,0.4621825,0.3831141
0.2920577,0.3477925,0.3477925,0.3811331,0.3259321,0.3806521
0.4307367,0.3789172,0.3789172,0.3903888,0.3653247,0.4037495
0.9929614,0.990615,0.990615,0.9937128,0.9949011,0.999999
0.5815622,0.410499,0.410499,0.4242242,0.3875029,0.3978818
0.2959317,0.4154726,0.4154726,0.3763861,0.3894977,0.3002679
0.4626109,0.4842583,0.4842583,0.4067637,0.4682141,0.3673495
0.4419614,0.4829809,0.4829809,0.3941232,0.4634344,0.414875
0.587617,0.4175284,0.4175284,0.3950236,0.394177,0.4630137
0.5893028,0.5567926,0.5567926,0.4817226,0.5762133,0.5570469
0.4211373,0.3781835,0.3781835,0.3885304,0.3504822,0.3515401
0.4707145,0.3873112,0.3873112,0.4300056,0.3707639,0.383616
0.3592468,0.393775,0.393775,0.3804608,0.3671029,0.3829324
0.2740113,0.3248398,0.3248398,0.3848199,0.3146801,0.3462754
0.3523357,0.3616658,0.3616658,0.3805492,0.3360391,0.3613389
0.2789728,0.3061106,0.3061106,0.3781446,0.2911301,0.3211254
0.7412651,0.6480559,0.6480559,0.4491146,0.6522087,0.7182546
0.3723937,0.3775188,0.3775188,0.3928825,0.3647977,0.3781034
0.3987446,0.3358887,0.3358887,0.391774,0.3202835,0.3292608
0.5368552,0.4799058,0.4799058,0.4040802,0.4564789,0.3637443
0.5006037,0.5363752,0.5363752,0.4565951,0.5395617,0.4691066
0.5047644,0.4081905,0.4081905,0.4006018,0.3858132,0.3326462
0.5965972,0.418427,0.418427,0.5575586,0.4950654,0.5130531
0.3090595,0.3628548,0.3628548,0.3984919,0.3523631,0.3690065
0.3198815,0.4688413,0.4688413,0.392928,0.4507327,0.3568291
0.5874362,0.391676,0.391676,0.4514228,0.3762976,0.3661195
0.4362701,0.5118538,0.5118538,0.393164,0.4848348,0.4200281
0.6681049,0.5622527,0.5622527,0.4254416,0.5292662,0.4958357
0.6094363,0.4475905,0.4475905,0.4018157,0.422005,0.4969367
0.5941636,0.660101,0.660101,0.5899942,0.6858831,0.6597814
0.5724171,0.3733089,0.3733089,0.4159143,0.3548686,0.3754402
0.3012446,0.3104577,0.3104577,0.3724565,0.2882722,0.3250618
0.4143854,0.3502734,0.3502734,0.3952751,0.3346103,0.3302526
0.3780372,0.4344318,0.4344318,0.4852484,0.5084373,0.498389
0.2762941,0.3132463,0.3132463,0.3794893,0.290563,0.3288305
0.8589808,0.8037002,0.8037002,0.8385883,0.8498127,0.9171618
0.5205635,0.5375085,0.5375085,0.4058152,0.5122506,0.5716596
0.3350593,0.3591488,0.3591488,0.402974,0.3459602,0.3673394
0.3017643,0.3297936,0.3297936,0.3775561,0.3053302,0.3230723
0.7489785,0.9594821,0.9594821,0.9845249,0.9677747,0.9784677
0.5588267,0.4238672,0.4238672,0.4178683,0.4098872,0.3831499
0.6974771,0.9138994,0.9138994,0.950128,0.9474377,0.9558093
0.4615313,0.3589252,0.3589252,0.4083698,0.3422186,0.3539377
0.3835088,0.3377978,0.3377978,0.3954115,0.3239857,0.3349459
0.3126483,0.3501311,0.3501311,0.3801747,0.32331,0.3206558
0.5861173,0.5337637,0.5337637,0.4784715,0.5536598,0.529115
0.2840253,0.306662,0.306662,0.3883517,0.2881448,0.3369487
0.5589902,0.4024851,0.4024851,0.4192814,0.3959963,0.3581336
0.3406113,0.4025034,0.4025034,0.3898314,0.3784586,0.4471215
0.3905222,0.4897412,0.4897412,0.3937828,0.4564856,0.3548445
0.3231557,0.3517924,0.3517924,0.3923412,0.3229562,0.3409658
0.3292059,0.3873424,0.3873424,0.424327,0.3836293,0.3766968
0.6676095,0.863666,0.863666,0.9552045,0.8888713,0.9466045
0.5876727,0.5260964,0.5260964,0.4961499,0.5615629,0.5838288
0.6021972,0.5702085,0.5702085,0.6168829,0.6170898,0.6601269
0.3668292,0.5506137,0.5506137,0.4017962,0.5219952,0.4394028
0.5110924,0.477752,0.477752,0.4115369,0.44851,0.4605575
0.4208902,0.62604,0.62604,0.4025702,0.5984322,0.5242176
0.6339823,0.7715639,0.7715639,0.8518414,0.8310081,0.8811576
0.4243843,0.4023522,0.4023522,0.5190211,0.4624334,0.4858866
0.5992332,0.537843,0.537843,0.4963311,0.5743802,0.603098
0.5850935,0.5574474,0.5574474,0.6091737,0.6135087,0.645192
0.7085726,0.844246,0.844246,0.966947,0.848752,0.9012961
0.591092,0.6441854,0.6441854,0.4805152,0.6656978,0.6842381
0.3289323,0.4326131,0.4326131,0.3804555,0.4043653,0.3189136
0.4342911,0.4561534,0.4561534,0.4088814,0.4397372,0.3508007
0.2921776,0.3287204,0.3287204,0.3964772,0.3206782,0.3426011
0.3630752,0.4011241,0.4011241,0.4015572,0.3820796,0.3957578
0.5425199,0.4928696,0.4928696,0.4477165,0.4798953,0.48168
0.3465253,0.3986217,0.3986217,0.3841687,0.3699135,0.3288869
0.3908935,0.5074372,0.5074372,0.3990641,0.4861307,0.4544062
0.7184668,0.852332,0.852332,0.9275516,0.8852499,0.949921
0.2800753,0.341889,0.341889,0.3777477,0.3214743,0.374005
0.4988902,0.5497463,0.5497463,0.4903388,0.5889902,0.6240069
0.27421,0.3404384,0.3404384,0.3884446,0.3274462,0.3663301
0.2642952,0.310315,0.310315,0.3758463,0.2857043,0.3077422
0.7633959,0.6617689,0.6617689,0.5922102,0.6268818,0.671212
0.6979519,0.6683009,0.6683009,0.6169668,0.6787061,0.6744816
0.6174415,0.6674186,0.6674186,0.6529136,0.6468754,0.605051
0.5484176,0.4012847,0.4012847,0.4413296,0.385851,0.3479773
0.2874169,0.3704216,0.3704216,0.388993,0.3578012,0.3599258
0.4731128,0.4566448,0.4566448,0.3811188,0.4332656,0.3724428
0.4750254,0.3473843,0.3473843,0.4009878,0.3365596,0.3569404
0.2653655,0.343573,0.343573,0.3801443,0.33553,0.360123
0.627605,0.5854853,0.5854853,0.5260842,0.568447,0.6312464
0.2869718,0.3604133,0.3604133,0.3795254,0.3529489,0.3744187
0.3047903,0.3178633,0.3178633,0.4044484,0.317454,0.339757
0.4984985,0.4952841,0.4952841,0.473241,0.5077004,0.5063713
0.2826693,0.3201767,0.3201767,0.3770168,0.3056325,0.3165644
0.3729673,0.3943356,0.3943356,0.4138694,0.3812467,0.3560953
0.3716113,0.3539632,0.3539632,0.4048386,0.3402322,0.3582623
0.4039014,0.4816514,0.4816514,0.4040414,0.4559926,0.4527214
0.5179674,0.3814094,0.3814094,0.4147648,0.3751036,0.3561246
0.6895446,0.5810518,0.5810518,0.5615691,0.6289255,0.6420036
0.3075288,0.3407852,0.3407852,0.3782008,0.3191655,0.3523985
0.4307455,0.5118242,0.5118242,0.4903609,0.518024,0.4967359
0.4342286,0.5563186,0.5563186,0.3953263,0.5336424,0.4489858
0.6754961,0.5138755,0.5138755,0.5762604,0.5487833,0.6029623
0.3718254,0.3191442,0.3191442,0.388924,0.3039994,0.3591591
0.5937504,0.4012328,0.4012328,0.5521704,0.4830225,0.511245
0.8012838,0.9704073,0.9704073,0.9841274,0.9785949,0.9936675
0.5601828,0.5772812,0.5772812,0.4794565,0.5607538,0.4940242
0.5947996,0.3930278,0.3930278,0.4133024,0.3899517,0.3569607
0.4317016,0.4821951,0.4821951,0.4006232,0.4587686,0.3566302
0.3009619,0.3511891,0.3511891,0.3763893,0.3259704,0.3207172
0.5171783,0.5288771,0.5288771,0.4676268,0.5289501,0.4696771
0.2877048,0.3219323,0.3219323,0.3807252,0.2984327,0.3268354
0.5964085,0.5155272,0.5155272,0.5704983,0.5587556,0.5326653
0.3032643,0.3611133,0.3611133,0.3996844,0.3579212,0.3507171
0.5184571,0.4107998,0.4107998,0.4269711,0.4038628,0.3808124
0.4888699,0.5309874,0.5309874,0.5018387,0.5303644,0.5370147
0.5390923,0.3948968,0.3948968,0.4226433,0.3969943,0.4108616
0.3442942,0.4539304,0.4539304,0.3843548,0.4270866,0.3206153
0.3231381,0.430964,0.430964,0.3955123,0.4130626,0.349384
0.61269,0.4145832,0.4145832,0.4428749,0.3986814,0.3739625
0.6247989,0.6340962,0.6340962,0.4102052,0.6118825,0.534259
0.4155816,0.5068804,0.5068804,0.3918053,0.4815823,0.4634276
0.2937554,0.3143382,0.3143382,0.3767028,0.2893082,0.3145657
0.3307701,0.4179898,0.4179898,0.3920065,0.4011572,0.4392642
0.5028429,0.471877,0.471877,0.4315101,0.4615604,0.4107936
0.5677021,0.387574,0.387574,0.5047288,0.4488309,0.4737594
0.2923411,0.330336,0.330336,0.382304,0.3212691,0.3604787
0.2984557,0.3253456,0.3253456,0.3830466,0.2966512,0.3086309
0.3121715,0.3527245,0.3527245,0.3974127,0.3328632,0.3636531
0.4761819,0.5684048,0.5684048,0.4970966,0.5676969,0.5546403
0.365537,0.306739,0.306739,0.399382,0.2880797,0.3224462
0.5740428,0.3601104,0.3601104,0.4034865,0.3416984,0.355172
0.3755587,0.3689242,0.3689242,0.3896352,0.3382399,0.3494775
0.4348003,0.3847243,0.3847243,0.4128028,0.3802524,0.3650168
0.4094053,0.3267253,0.3267253,0.390969,0.3115884,0.3143217
0.6772243,0.5795579,0.5795579,0.4139793,0.5541151,0.4655508
0.5524538,0.4660644,0.4660644,0.4149057,0.443375,0.379941
0.3302977,0.3945276,0.3945276,0.3774178,0.3747862,0.4378832
0.4778544,0.3896332,0.3896332,0.4268599,0.3846302,0.3790403
0.3164516,0.3292574,0.3292574,0.4038297,0.3294954,0.3491089
0.5874227,0.3653305,0.3653305,0.4293318,0.3495521,0.3605316
0.3394988,0.3565397,0.3565397,0.4096219,0.3477041,0.3552225
0.4625417,0.4431385,0.4431385,0.4078766,0.4334183,0.3908591
0.5331233,0.4144399,0.4144399,0.5577004,0.4476021,0.4835186
0.4219566,0.4894083,0.4894083,0.3899131,0.4737415,0.3777145
0.9793049,0.989665,0.989665,0.9999981,0.989665,0.999997
0.9987335,0.9957395,0.9957395,0.9998931,0.9957882,0.9999991
0.558096,0.5816002,0.5816002,0.5917679,0.6497513,0.6478642
0.2728899,0.3059786,0.3059786,0.3868602,0.2931598,0.335562
0.4797534,0.4640763,0.4640763,0.4158165,0.4349001,0.3607415
0.9725855,0.9827545,0.9827545,0.9970549,0.984135,0.9882401
0.773496,0.6145753,0.6145753,0.4785264,0.6225203,0.6734844
0.3620749,0.3555957,0.3555957,0.4008202,0.3348313,0.3350426
0.9339313,0.9756448,0.9756448,0.9998712,0.9756992,0.9875781
0.3070514,0.3987975,0.3987975,0.3751778,0.3738405,0.3096681
0.3293444,0.4303608,0.4303608,0.3816279,0.4025041,0.3114443
0.49542,0.4636587,0.4636587,0.4669095,0.4807112,0.4947831
0.3237447,0.3503645,0.3503645,0.4006529,0.3279237,0.3379257
0.4457324,0.5234579,0.5234579,0.3935411,0.4993059,0.4619562
0.5618988,0.4185499,0.4185499,0.5682824,0.4904409,0.5135714
0.3282166,0.3054346,0.3054346,0.3852768,0.2939089,0.3308589
0.4049114,0.4380302,0.4380302,0.3824395,0.4123986,0.3090578
0.3828166,0.3913358,0.3913358,0.3932555,0.3749928,0.4079973
0.3292429,0.4359097,0.4359097,0.3976831,0.4158538,0.4779447
0.6493886,0.580281,0.580281,0.4372408,0.566066,0.509041
0.3154419,0.3550813,0.3550813,0.3910235,0.332254,0.3423881
0.5513548,0.3530606,0.3530606,0.4019642,0.3348935,0.3497607
0.610222,0.8695632,0.8695632,0.9488128,0.9034028,0.9038613
0.58962,0.4901516,0.4901516,0.4114903,0.4708868,0.3779989
0.2955316,0.3410748,0.3410748,0.3982108,0.3201158,0.3145136
0.3297015,0.3252761,0.3252761,0.3796673,0.2991106,0.3405979
0.3031478,0.3429512,0.3429512,0.3864212,0.3166065,0.3450334
0.3198882,0.4322931,0.4322931,0.3734445,0.4124475,0.3140148
0.3786404,0.359863,0.359863,0.3863117,0.3438638,0.4049864
0.807841,0.7967628,0.7967628,0.8434577,0.8150158,0.8593849
0.4276258,0.3601638,0.3601638,0.3991866,0.3420099,0.3351662
0.4598378,0.4053933,0.4053933,0.4195224,0.3892147,0.3710877
0.5155931,0.4117399,0.4117399,0.3982696,0.3918571,0.3260598
0.4359814,0.3983001,0.3983001,0.4070405,0.3720715,0.3359777
0.3411615,0.520741,0.520741,0.3861179,0.5051179,0.4386785
0.4772241,0.4592615,0.4592615,0.424112,0.4527191,0.3907277
0.3090481,0.4432577,0.4432577,0.385287,0.4288117,0.42956
0.3127871,0.3496707,0.3496707,0.3937418,0.326595,0.322319
0.4132183,0.4431323,0.4431323,0.5856683,0.4933559,0.4920159
0.3931282,0.3794353,0.3794353,0.3986816,0.3578756,0.3888307
0.5330112,0.4344377,0.4344377,0.3909509,0.4135279,0.4835962
0.3057372,0.33625,0.33625,0.3783889,0.3116197,0.2999143
0.4307378,0.4432455,0.4432455,0.5437076,0.4996833,0.4977375
0.4456575,0.4683165,0.4683165,0.4027994,0.453285,0.3592586
0.8417755,0.7450483,0.7450483,0.7725325,0.7993625,0.8407987
0.3247838,0.3745239,0.3745239,0.4019716,0.3612673,0.3465498
0.3877905,0.5236591,0.5236591,0.3934037,0.5055709,0.4674679
0.6384863,0.4441694,0.4441694,0.4286647,0.4329591,0.4360904
0.4645655,0.3987912,0.3987912,0.3966601,0.3791372,0.3335884
0.3084797,0.4291424,0.4291424,0.3995429,0.408531,0.4426279
0.4620444,0.4056703,0.4056703,0.3856492,0.387139,0.4512647
0.4516795,0.3639918,0.3639918,0.3994516,0.354036,0.3603172
0.4736743,0.3642318,0.3642318,0.4025332,0.3509113,0.3397547
0.356624,0.3311318,0.3311318,0.401611,0.3193843,0.3421075
0.421012,0.5356004,0.5356004,0.3919916,0.5083315,0.4741086
0.3426978,0.4413596,0.4413596,0.3853832,0.4114691,0.3150307
0.3886063,0.3904817,0.3904817,0.3925734,0.3594038,0.3550054
0.6505716,0.4169519,0.4169519,0.4613719,0.3849266,0.4035218
0.8281454,0.9367211,0.9367211,0.9919982,0.9406117,0.9880095
0.3686894,0.3109476,0.3109476,0.3893778,0.2955696,0.3489155
0.4783966,0.4408733,0.4408733,0.3985099,0.4197666,0.324493
0.3375181,0.4805668,0.4805668,0.3878459,0.4655,0.3612486
0.3453824,0.4683749,0.4683749,0.380766,0.4446812,0.3567849
0.3892667,0.398337,0.398337,0.3929927,0.386819,0.3992548
0.3107061,0.4127545,0.4127545,0.3758094,0.3873246,0.3053606
0.667568,0.4414327,0.4414327,0.4562719,0.4144165,0.3860623
0.6428965,0.4505595,0.4505595,0.4072238,0.4411047,0.4797855
0.3419288,0.3100907,0.3100907,0.3853382,0.2948684,0.3469348
0.5670884,0.4619848,0.4619848,0.4164619,0.4303478,0.4964348
0.3716312,0.3724465,0.3724465,0.402847,0.3583571,0.3499384
0.2916958,0.3422039,0.3422039,0.3829913,0.332804,0.3687043
0.7027834,0.6230857,0.6230857,0.5463048,0.6583435,0.7315574
0.3263226,0.3108541,0.3108541,0.3757842,0.2862159,0.3148859
0.6004385,0.3454568,0.3454568,0.3989914,0.3256235,0.3774571
0.5100083,0.4727003,0.4727003,0.4033993,0.4573778,0.3621511
0.3511449,0.4068038,0.4068038,0.3931949,0.3750214,0.3378291
0.3216008,0.3614944,0.3614944,0.3946504,0.3307249,0.3431677
0.6404331,0.8450346,0.8450346,0.9752045,0.8555963,0.8847549
0.6316008,0.5504287,0.5504287,0.4880141,0.5095855,0.5637709
0.3909913,0.3565307,0.3565307,0.3963533,0.3481395,0.3623364
0.309131,0.3437344,0.3437344,0.3950813,0.3374242,0.3552508
0.3835459,0.5249934,0.5249934,0.4899498,0.5662617,0.5952582
0.3564186,0.371404,0.371404,0.397706,0.3616168,0.3728388
0.5358796,0.406152,0.406152,0.4402253,0.3950588,0.3847452
0.4618287,0.3915585,0.3915585,0.4060354,0.3928298,0.3637254
0.6463976,0.6161254,0.6161254,0.5048706,0.6115736,0.6577654
0.4385963,0.5010662,0.5010662,0.4637283,0.5297513,0.5104802
0.3042054,0.3637226,0.3637226,0.4069347,0.358646,0.3616646
0.5251971,0.6277881,0.6277881,0.4217455,0.6019588,0.522351
0.2955038,0.3752,0.3752,0.4056503,0.367081,0.3663595
0.3662927,0.3579613,0.3579613,0.3885495,0.3451438,0.4005994
0.3435299,0.3408526,0.3408526,0.3827268,0.3228341,0.3347685
0.6545444,0.4189004,0.4189004,0.4367923,0.3941473,0.358805
0.679769,0.5699551,0.5699551,0.4264054,0.5366315,0.5074626
0.560296,0.4389165,0.4389165,0.5769987,0.4936818,0.4899697
0.4942297,0.4151843,0.4151843,0.4070583,0.401054,0.4110167
0.3473542,0.5252446,0.5252446,0.471758,0.5519727,0.5483605
0.4336006,0.4196338,0.4196338,0.4093293,0.4103505,0.366952
0.6966785,0.5471432,0.5471432,0.4422924,0.5502835,0.599135
0.3602607,0.3666505,0.3666505,0.3903429,0.3574161,0.3663094
0.3547417,0.3578867,0.3578867,0.3771823,0.3326202,0.3693209
0.2861409,0.317831,0.317831,0.3780149,0.2912542,0.3128183
0.4181548,0.4274513,0.4274513,0.4073297,0.4207219,0.4020997
0.6051285,0.4773147,0.4773147,0.4229575,0.4508569,0.3593181
0.6078214,0.5065574,0.5065574,0.5355079,0.5492588,0.5713555
0.4127287,0.5525271,0.5525271,0.3953923,0.5330976,0.5156841
0.3359052,0.4595504,0.4595504,0.3800161,0.4355537,0.3391538
0.4354206,0.3482675,0.3482675,0.4045375,0.3421434,0.3532716
0.3480174,0.3366765,0.3366765,0.3830681,0.3108151,0.3237286
0.5814259,0.3755347,0.3755347,0.425646,0.3593293,0.3601616
0.2743742,0.4125381,0.4125381,0.3900604,0.396862,0.4376266
0.4138279,0.4554565,0.4554565,0.3855808,0.4307257,0.3603264
0.324564,0.3295794,0.3295794,0.3807732,0.3038796,0.3337905
0.5502537,0.4459892,0.4459892,0.4153756,0.4324965,0.384517
0.7229433,0.4188979,0.4188979,0.4537919,0.4000023,0.3740643
0.3281926,0.3373656,0.3373656,0.3764946,0.3142115,0.3075715
0.509156,0.3479272,0.3479272,0.4234648,0.3352039,0.3465893
0.2867148,0.3337393,0.3337393,0.380628,0.3171726,0.3381476
0.6933467,0.729867,0.729867,0.7489948,0.7732377,0.7874387
0.2782768,0.3222361,0.3222361,0.3742671,0.2990022,0.3259455
0.5834577,0.6050947,0.6050947,0.4767457,0.6123081,0.6642622
0.3789684,0.4918749,0.4918749,0.3890832,0.4748447,0.3724827
0.3120823,0.3533866,0.3533866,0.4094888,0.3439319,0.3635994
0.6369605,0.7175146,0.7175146,0.8365542,0.7697015,0.8268795
0.383161,0.3991383,0.3991383,0.387751,0.3774422,0.440241
0.3166092,0.4234108,0.4234108,0.3753363,0.3985667,0.3066019
0.3412329,0.4484274,0.4484274,0.3813888,0.4211043,0.3160685
0.3940713,0.4123654,0.4123654,0.4142088,0.4031943,0.3932621
0.5740466,0.6534001,0.6534001,0.6300267,0.6483791,0.6273517
0.405264,0.512641,0.512641,0.4054845,0.4806057,0.4491674
0.3109201,0.3263451,0.3263451,0.3821492,0.2990641,0.3295896
0.3300812,0.304347,0.304347,0.3811584,0.2792908,0.2991404
0.3427439,0.4397586,0.4397586,0.37983,0.4131078,0.3294915
0.3072202,0.337364,0.337364,0.3921685,0.3199636,0.318728
0.6556379,0.4092486,0.4092486,0.5961658,0.4459925,0.4932547
0.2913558,0.3313059,0.3313059,0.3828412,0.30487,0.3128888
0.7487936,0.7900498,0.7900498,0.8215192,0.8148179,0.8592132
0.3363931,0.3293246,0.3293246,0.3890813,0.3166168,0.3645097
0.4084122,0.5337145,0.5337145,0.4782262,0.5580213,0.5485438
0.4540813,0.4036572,0.4036572,0.4030276,0.3907196,0.4152594
0.5381437,0.4210769,0.4210769,0.4363796,0.3977185,0.4357373
0.3792877,0.358782,0.358782,0.4023082,0.3368233,0.358584
0.5454346,0.436269,0.436269,0.4101737,0.4252057,0.4554089
0.3292146,0.3517769,0.3517769,0.3835078,0.3230952,0.3203558
0.6341117,0.5690238,0.5690238,0.6081965,0.5938002,0.6021614
0.3304285,0.3433602,0.3433602,0.3830289,0.3158703,0.3291098
0.3169001,0.3743761,0.3743761,0.3808584,0.3665323,0.3902094
0.5858455,0.6944335,0.6944335,0.6469072,0.6774259,0.642175
0.5529381,0.4174546,0.4174546,0.4286024,0.4060809,0.3974668
0.6546716,0.5804756,0.5804756,0.6201882,0.5965642,0.6136875
0.4911919,0.3572829,0.3572829,0.4194056,0.3482033,0.3459395
0.3885348,0.5188874,0.5188874,0.386841,0.4991261,0.4557314
0.5686982,0.6257937,0.6257937,0.6694292,0.6802567,0.6636063
0.2934833,0.3424584,0.3424584,0.3761291,0.3222157,0.3652663
0.4569956,0.3694992,0.3694992,0.3818587,0.3446182,0.3307628
0.2934023,0.320904,0.320904,0.3977173,0.3006672,0.3254662
0.3678156,0.3717189,0.3717189,0.3935124,0.358819,0.3682171
0.3590441,0.3265104,0.3265104,0.4057212,0.3017392,0.3362675
0.3573962,0.376805,0.376805,0.4035474,0.3618934,0.3519706
0.3109808,0.3627265,0.3627265,0.3759357,0.3412384,0.3301437
0.3146231,0.4161215,0.4161215,0.3841763,0.3870242,0.2932701
0.3996742,0.4553557,0.4553557,0.400689,0.4512184,0.4191722
0.2899105,0.3089474,0.3089474,0.3872116,0.2959216,0.3389654
0.5257076,0.5253252,0.5253252,0.4172732,0.4803166,0.4226433
0.2977058,0.3578617,0.3578617,0.4019629,0.3545555,0.3417303
0.5611796,0.6174552,0.6174552,0.6018739,0.6891993,0.688884
0.3037189,0.421341,0.421341,0.4148231,0.406354,0.3899347
0.2808537,0.3310669,0.3310669,0.3817112,0.3084207,0.348113
0.749378,0.4397897,0.4397897,0.4232581,0.4055623,0.3401341
0.3748195,0.4485021,0.4485021,0.4998229,0.5112181,0.5268761
0.3852398,0.4445138,0.4445138,0.4196691,0.4232138,0.3512026
0.3742195,0.4118609,0.4118609,0.3890455,0.3809786,0.356401
0.3535333,0.4366258,0.4366258,0.3890269,0.4052315,0.3149789
0.5099462,0.4115214,0.4115214,0.4048196,0.3863172,0.3344611
0.2813216,0.352204,0.352204,0.3817784,0.330429,0.3879521
0.4676926,0.3826279,0.3826279,0.401274,0.3709144,0.3892249
0.7580374,0.7132702,0.7132702,0.8790249,0.7333259,0.7652235
0.4589021,0.4655377,0.4655377,0.3991216,0.4437891,0.4893107
0.6724613,0.6064519,0.6064519,0.4119437,0.5831613,0.4997947
0.6449868,0.5729337,0.5729337,0.6442812,0.5795625,0.6025799
0.522893,0.4149727,0.4149727,0.3986771,0.3901689,0.3417381
0.4242372,0.4202417,0.4202417,0.3997181,0.3865071,0.3891841
0.3323911,0.42668,0.42668,0.3835475,0.3981537,0.3050293
0.3420011,0.3468232,0.3468232,0.3950892,0.3269114,0.36882
0.6239793,0.6636065,0.6636065,0.59985,0.6552093,0.721103
0.3493706,0.3556181,0.3556181,0.4141739,0.3465868,0.370591
0.2923451,0.3057487,0.3057487,0.3747201,0.2927711,0.3226084
0.5317767,0.3777146,0.3777146,0.4293425,0.3560397,0.3680145
0.2959429,0.3746972,0.3746972,0.3853819,0.3507615,0.4093072
0.3319339,0.4102903,0.4102903,0.3897622,0.3971228,0.4094566
0.6655824,0.8762405,0.8762405,0.9777211,0.8921224,0.886027
0.4117324,0.5967655,0.5967655,0.4830783,0.6250842,0.641273
0.280243,0.3626633,0.3626633,0.3843975,0.3398567,0.3983865
0.3031976,0.3547478,0.3547478,0.37875,0.328383,0.3061927
0.3550605,0.4786285,0.4786285,0.4003311,0.4658779,0.3735724
0.5632638,0.4732849,0.4732849,0.4337483,0.4730856,0.4236799
0.6573169,0.4120958,0.4120958,0.5922608,0.4478438,0.4886995
0.5324388,0.4683084,0.4683084,0.4272366,0.4598689,0.3995307
0.3906005,0.4102823,0.4102823,0.5158762,0.4764502,0.4988587
0.5649903,0.6400142,0.6400142,0.6039114,0.6594881,0.6542161
0.4847392,0.418977,0.418977,0.4078606,0.3953129,0.3932906
0.395363,0.5656062,0.5656062,0.3985401,0.5399996,0.4525043
0.4619239,0.3676423,0.3676423,0.405877,0.3521132,0.3375657
0.5269362,0.4106163,0.4106163,0.4307773,0.3868249,0.3544924
0.2986619,0.3233301,0.3233301,0.3760864,0.3095305,0.3414622
0.5545626,0.421217,0.421217,0.414666,0.4001766,0.3653209
0.4454381,0.4887113,0.4887113,0.3927799,0.4703636,0.480404
0.3995824,0.5531473,0.5531473,0.3893716,0.5349228,0.4669389
0.5919332,0.4285363,0.4285363,0.4288545,0.4116734,0.4131018
0.2724466,0.3363118,0.3363118,0.3772827,0.3110255,0.3047406
0.3361969,0.3792219,0.3792219,0.4025966,0.3577998,0.356714
0.5540495,0.5221009,0.5221009,0.4017265,0.4993076,0.4018026
0.4473836,0.424578,0.424578,0.3977052,0.4049839,0.3424281
0.5026146,0.4752189,0.4752189,0.4134932,0.4570722,0.4346114
0.3013286,0.4119061,0.4119061,0.3763405,0.3864267,0.3051424
0.3008346,0.3189962,0.3189962,0.3776252,0.2939391,0.3219513
0.4033843,0.3521572,0.3521572,0.4032693,0.3302967,0.3332069
0.8169584,0.6054743,0.6054743,0.4871749,0.5996416,0.6484774
0.3389607,0.3739424,0.3739424,0.3931372,0.3512704,0.3563593
0.4056155,0.4212373,0.4212373,0.3852371,0.3988761,0.4727692
0.4855016,0.4450513,0.4450513,0.4143917,0.4264589,0.4685249
0.4318342,0.419096,0.419096,0.3905379,0.3870835,0.3937504
0.4023149,0.4270345,0.4270345,0.3835211,0.413596,0.406459
0.4612992,0.4429958,0.4429958,0.384196,0.4159533,0.3164225
0.5088872,0.5490623,0.5490623,0.4757998,0.5580642,0.5609363
0.3114661,0.3519071,0.3519071,0.3974789,0.342813,0.338375
0.398436,0.440604,0.440604,0.4220324,0.4359766,0.4342883
0.2961531,0.3311304,0.3311304,0.3960012,0.3127773,0.3456484
0.3411373,0.4387862,0.4387862,0.3876132,0.4227107,0.3697777
0.3860858,0.3597115,0.3597115,0.3923309,0.3440256,0.3943205
0.5827828,0.4432075,0.4432075,0.4224765,0.4342891,0.344131
0.2849965,0.3347864,0.3347864,0.3771225,0.3093755,0.2970076
0.5019654,0.4043349,0.4043349,0.4088562,0.3879313,0.347218
0.6233295,0.6499919,0.6499919,0.5331334,0.6385223,0.6526323
0.5601905,0.3650968,0.3650968,0.4147177,0.3472969,0.3648078
0.3957197,0.4200773,0.4200773,0.3970053,0.3999827,0.312429
0.3470402,0.4565736,0.4565736,0.3810132,0.4287692,0.3296926
0.2937795,0.3081807,0.3081807,0.3940643,0.2932177,0.3401682
0.3167283,0.3320983,0.3320983,0.3801663,0.3049284,0.3331925
0.4227559,0.4370086,0.4370086,0.4115513,0.4343316,0.3626222
0.3252487,0.3531291,0.3531291,0.4072292,0.3504636,0.3661246
0.51613,0.4380531,0.4380531,0.3944569,0.4216806,0.418999
0.83431,0.9755407,0.9755407,0.9886354,0.981386,0.9949768
0.8279203,0.7896869,0.7896869,0.8275152,0.8657492,0.9241908
0.6337105,0.3516065,0.3516065,0.4331056,0.336742,0.3492335
0.594304,0.363843,0.363843,0.4215392,0.3531302,0.3633088
0.4296808,0.3907804,0.3907804,0.4070978,0.3736873,0.3825929
0.370386,0.381286,0.381286,0.4075766,0.3786941,0.4112727
0.3054855,0.3283408,0.3283408,0.3752279,0.3084434,0.3461221
0.5788348,0.4731477,0.4731477,0.4440251,0.4589268,0.4560181
0.3506268,0.3088155,0.3088155,0.3992454,0.2877449,0.3391448
0.61045,0.5673199,0.5673199,0.4252601,0.5405878,0.5064572
0.398264,0.3771396,0.3771396,0.3922801,0.3560746,0.3339161
0.459385,0.4969033,0.4969033,0.3929821,0.4776245,0.3771466
0.3678903,0.4171736,0.4171736,0.3810466,0.391801,0.3103253
0.5789511,0.615453,0.615453,0.470273,0.6006293,0.5822779
0.6056966,0.4042773,0.4042773,0.4609549,0.3831091,0.3892266
0.3846391,0.3350981,0.3350981,0.4096791,0.3312892,0.3392314
0.2959886,0.3643848,0.3643848,0.3822018,0.342534,0.4029938
0.3330458,0.4648237,0.4648237,0.378725,0.4416429,0.345233
0.5178792,0.3871679,0.3871679,0.3965609,0.364191,0.3366659
0.3142485,0.3610612,0.3610612,0.3841485,0.3328806,0.310093
0.3487625,0.382034,0.382034,0.3861878,0.3518063,0.3562363
0.2814705,0.3463867,0.3463867,0.3796637,0.3204434,0.3109733
0.9973617,0.9976151,0.9976151,0.9999998,0.9976152,0.9999986
0.3218669,0.4089656,0.4089656,0.3772674,0.3868426,0.3282894
0.5987835,0.5637949,0.5637949,0.531196,0.5449378,0.6102235
0.3976761,0.3579772,0.3579772,0.3865727,0.3473586,0.4028066
0.3394602,0.4439117,0.4439117,0.3799629,0.4168064,0.3317078
0.5120212,0.5343227,0.5343227,0.4751874,0.556549,0.5384082
0.3415233,0.3136906,0.3136906,0.3912303,0.298397,0.352856
0.3261726,0.3027846,0.3027846,0.3842577,0.2885324,0.3392205
0.611573,0.627228,0.627228,0.6716964,0.6826532,0.6682435
0.344857,0.5275125,0.5275125,0.469406,0.5524644,0.5391098
0.2851208,0.3365348,0.3365348,0.3769872,0.3116492,0.2970797
0.4244104,0.4483702,0.4483702,0.3926147,0.430528,0.4369112
0.3007546,0.3974693,0.3974693,0.3875212,0.386427,0.4012651
0.5545864,0.5165395,0.5165395,0.5580098,0.5904717,0.6006139
0.2735411,0.2996602,0.2996602,0.3767749,0.2851995,0.3149943
0.316301,0.3502946,0.3502946,0.396217,0.330536,0.361804
0.5420207,0.6966503,0.6966503,0.6852144,0.7532473,0.7586994
0.2972879,0.3514055,0.3514055,0.388039,0.3366138,0.3317116
0.5471409,0.4606493,0.4606493,0.4245811,0.4638622,0.4140697
0.3309239,0.4560468,0.4560468,0.3986982,0.4351168,0.3653294
0.6590862,0.8024332,0.8024332,0.9270432,0.8323791,0.8882436
0.517066,0.5308581,0.5308581,0.4923158,0.5242957,0.4849192
0.4811191,0.4207056,0.4207056,0.5099785,0.4805227,0.4939899
0.2997099,0.4256096,0.4256096,0.3753527,0.4002183,0.3072382
0.3261809,0.4421785,0.4421785,0.393054,0.4231574,0.3521877
0.3186758,0.3452449,0.3452449,0.3951962,0.3281103,0.3344435
0.4335734,0.5273257,0.5273257,0.3925696,0.5085338,0.4445153
0.4554383,0.5357509,0.5357509,0.4054627,0.5088834,0.4445151
0.4882269,0.4415881,0.4415881,0.4928864,0.5110123,0.5113878
0.4121757,0.343982,0.343982,0.4095707,0.3420498,0.3568031
0.3760523,0.4334664,0.4334664,0.4195527,0.4208879,0.4187101
0.5813594,0.6896047,0.6896047,0.5130302,0.7152158,0.7413962
0.3003833,0.3900143,0.3900143,0.417767,0.3750944,0.3743915
0.548139,0.568921,0.568921,0.4511602,0.5762464,0.5202283
0.5096457,0.5379543,0.5379543,0.5724163,0.5796316,0.5590865
0.8256584,0.8935541,0.8935541,0.9344716,0.9255718,0.9651171
0.4494111,0.4781867,0.4781867,0.4034049,0.4524144,0.3541402
0.4039476,0.5204582,0.5204582,0.4012046,0.5068094,0.4259738
0.4301609,0.5216456,0.5216456,0.506727,0.5249457,0.5228198
0.4923049,0.5064662,0.5064662,0.5297849,0.553374,0.5805742
0.7816668,0.6809668,0.6809668,0.7006831,0.6445073,0.6640459
0.3569975,0.3952437,0.3952437,0.4208594,0.3641783,0.3687283
0.3630119,0.4611049,0.4611049,0.3826015,0.4352475,0.3320772
0.3058717,0.3695702,0.3695702,0.3883896,0.3443013,0.3940437
0.3485551,0.334414,0.334414,0.399539,0.3119836,0.3514412
0.3156648,0.4308788,0.4308788,0.3754614,0.4091115,0.3156895
0.5651848,0.5023355,0.5023355,0.5304926,0.5493612,0.6057326
0.6662856,0.8516082,0.8516082,0.958932,0.8600105,0.911861
0.6535481,0.4194673,0.4194673,0.5660215,0.4565451,0.4924588
0.3277533,0.3827964,0.3827964,0.3812054,0.3556842,0.3228593
0.5940698,0.4537111,0.4537111,0.4246626,0.4311661,0.3533654
0.452834,0.3299745,0.3299745,0.401365,0.3179326,0.3373397
0.3308717,0.3449382,0.3449382,0.4103266,0.3406813,0.3643734
0.2993436,0.4243821,0.4243821,0.3916175,0.4081332,0.4536167
0.4512213,0.3812088,0.3812088,0.4050447,0.3652123,0.3555895
0.4142656,0.381876,0.381876,0.416888,0.3676314,0.3465918
0.603065,0.5590869,0.5590869,0.4950396,0.5819783,0.5909486
0.3120753,0.3134736,0.3134736,0.3918527,0.2949427,0.3199222
0.2892464,0.3125567,0.3125567,0.3807126,0.2859379,0.3076024
0.348743,0.5303792,0.5303792,0.390231,0.5069332,0.4427808
0.3335538,0.4395126,0.4395126,0.387846,0.4235245,0.4041758
0.3804473,0.4551119,0.4551119,0.3989161,0.4360668,0.4153606
0.2925241,0.2985452,0.2985452,0.3858656,0.2808815,0.3265034
0.3689922,0.4992567,0.4992567,0.3895536,0.477499,0.4465462
0.5385831,0.4825694,0.4825694,0.4973863,0.5485716,0.5677192
0.310309,0.3695914,0.3695914,0.3880726,0.3391393,0.325381
0.560031,0.5098439,0.5098439,0.4180207,0.4877046,0.4152421
0.4479508,0.5247544,0.5247544,0.4112584,0.5050312,0.4108989
0.6244264,0.6654836,0.6654836,0.5990945,0.6883718,0.6786127
0.6516406,0.3927782,0.3927782,0.5546147,0.4339378,0.4648263
0.5574709,0.3682973,0.3682973,0.4205001,0.3534093,0.3725432
0.3087124,0.3158795,0.3158795,0.3806785,0.2908073,0.3154795
0.3681415,0.4624051,0.4624051,0.3882621,0.4453044,0.3371973
0.5429427,0.4270074,0.4270074,0.4023857,0.4140088,0.4367729
0.3569267,0.3469512,0.3469512,0.3832194,0.3203888,0.330949
0.5764933,0.5651537,0.5651537,0.4226171,0.539794,0.4961937
0.4043015,0.4895266,0.4895266,0.3930253,0.4635409,0.4353043
0.9789524,0.9913812,0.9913812,0.999524,0.9916277,0.9999958
0.6307416,0.5677787,0.5677787,0.6123953,0.6213952,0.6663657
0.4062676,0.4376445,0.4376445,0.4044115,0.4295161,0.3838491
0.2981664,0.3492439,0.3492439,0.3798235,0.326476,0.3352096
0.3681901,0.4256496,0.4256496,0.4207195,0.411834,0.411585
0.5066312,0.4340347,0.4340347,0.5287146,0.488969,0.5262997
0.336534,0.4152155,0.4152155,0.3795463,0.3892555,0.3149251
0.6866371,0.5680078,0.5680078,0.4459161,0.5736271,0.6256019
0.297298,0.3256794,0.3256794,0.3737624,0.3033365,0.3446272
0.425697,0.3498224,0.3498224,0.4156696,0.3226764,0.341608
0.5527653,0.4658482,0.4658482,0.4120326,0.4465395,0.3560658
0.6994793,0.6955385,0.6955385,0.6329146,0.6446364,0.693716
0.3363426,0.4457981,0.4457981,0.3853947,0.4148577,0.3084237
0.3249165,0.3066072,0.3066072,0.3885322,0.2891452,0.3399938
0.5959561,0.512415,0.512415,0.5391114,0.5608173,0.602236
0.367731,0.4134748,0.4134748,0.3780496,0.3871422,0.3805248
0.406004,0.3813745,0.3813745,0.5246648,0.4381999,0.4629238
0.4639524,0.419314,0.419314,0.3973927,0.3956261,0.3331181
0.3497394,0.3219296,0.3219296,0.3963171,0.3046673,0.3500994
0.4171352,0.4510088,0.4510088,0.4070817,0.4326826,0.382658
0.593647,0.3932103,0.3932103,0.415349,0.3890812,0.3661896
0.4679417,0.4824115,0.4824115,0.4312903,0.4858387,0.4442678
0.8543975,0.9660564,0.9660564,0.9887308,0.9712447,0.9837905
0.5318234,0.5663661,0.5663661,0.5298193,0.5483253,0.6171942
0.6900211,0.4212106,0.4212106,0.5962872,0.4535844,0.4930246
0.4859493,0.4657251,0.4657251,0.4660451,0.4825945,0.4945602
0.2864815,0.3041144,0.3041144,0.3831662,0.2938394,0.3335107
0.3560813,0.5262287,0.5262287,0.3896578,0.5091057,0.4556705
0.4554982,0.4127753,0.4127753,0.4267061,0.3978781,0.4025374
0.5597074,0.436883,0.436883,0.4179935,0.4137681,0.3611607
0.7903816,0.9839111,0.9839111,0.996224,0.9860756,0.9917129
0.4889323,0.5267894,0.5267894,0.401335,0.5067464,0.5054917
0.5764372,0.4869882,0.4869882,0.4180079,0.4651923,0.3819445
0.3252995,0.3642528,0.3642528,0.3774391,0.3380049,0.3348889
0.6803236,0.6419924,0.6419924,0.5861092,0.6678848,0.6708226
0.2869819,0.3762335,0.3762335,0.4079977,0.3669271,0.3678707
0.738352,0.5868081,0.5868081,0.4584798,0.5860275,0.63713
0.3408985,0.4501004,0.4501004,0.3951205,0.4317058,0.4821143
0.4813603,0.4986758,0.4986758,0.4188844,0.4673476,0.3946579
0.501387,0.4580764,0.4580764,0.545763,0.5185469,0.5045151
0.3174547,0.3826032,0.3826032,0.3885937,0.358374,0.420946
0.316411,0.415489,0.415489,0.3750569,0.3901178,0.3160761
0.5573155,0.5763775,0.5763775,0.4158804,0.5326114,0.4398266
0.3180274,0.348723,0.348723,0.376347,0.3229579,0.3247853
0.3011781,0.3523581,0.3523581,0.3813789,0.3259475,0.3197759
0.2803862,0.3541146,0.3541146,0.3813922,0.3468217,0.3630371
0.7373387,0.6332087,0.6332087,0.5710262,0.6483016,0.7301029
0.4025919,0.5406645,0.5406645,0.3925174,0.5222393,0.4293254
0.4032409,0.3546644,0.3546644,0.4024191,0.3322553,0.3316695
0.8810356,0.9615468,0.9615468,0.9666838,0.9806307,0.9900786
0.5222223,0.4427531,0.4427531,0.4103869,0.423855,0.356582
0.4028277,0.4760107,0.4760107,0.3851853,0.4516887,0.3861338
0.3804331,0.4218378,0.4218378,0.4029246,0.4172096,0.3819532
0.5069312,0.4030749,0.4030749,0.4192852,0.388067,0.3751732
0.3041704,0.3548115,0.3548115,0.4032039,0.3516061,0.3477428
0.8245909,0.6001102,0.6001102,0.444343,0.5577268,0.5366433
0.4221154,0.4101377,0.4101377,0.406777,0.3958841,0.3636854
0.6025756,0.6172141,0.6172141,0.659123,0.6891718,0.6864733
0.4404769,0.5002249,0.5002249,0.4598192,0.4701573,0.3732681
0.3829665,0.3575249,0.3575249,0.4051778,0.3352372,0.3330956
0.430505,0.5066046,0.5066046,0.413356,0.4654593,0.3610319
0.3088095,0.375422,0.375422,0.3826409,0.3482318,0.3204467
0.3393653,0.3475196,0.3475196,0.4251397,0.3336457,0.3589109
0.3891389,0.3537302,0.3537302,0.4105637,0.3505945,0.3733126
0.5280735,0.5354286,0.5354286,0.6145595,0.5485752,0.5188782
0.6022915,0.3998796,0.3998796,0.4448665,0.3847841,0.3726728
0.6791611,0.7330238,0.7330238,0.6131113,0.7077772,0.742834
0.3382366,0.3562822,0.3562822,0.4047061,0.326513,0.3439706
0.3518261,0.3243109,0.3243109,0.3744669,0.3022083,0.3261726
0.4441259,0.4597573,0.4597573,0.4170462,0.430098,0.3566794
0.6107751,0.4156375,0.4156375,0.5345449,0.4627195,0.4995153
0.3240045,0.3310602,0.3310602,0.3781203,0.3154194,0.3291695
0.3193191,0.3458286,0.3458286,0.3971465,0.3368404,0.3499547
0.5681906,0.3574877,0.3574877,0.4137099,0.3392653,0.3598847
0.5727672,0.4155601,0.4155601,0.5128425,0.4728397,0.4854608
0.4882278,0.4343513,0.4343513,0.5365198,0.4852349,0.5161849
0.4113122,0.3931935,0.3931935,0.3896857,0.3636986,0.387245
0.3690399,0.4486795,0.4486795,0.4920978,0.5178614,0.5187825
0.3108409,0.3262187,0.3262187,0.3783801,0.3013059,0.3377037
0.5894394,0.4028612,0.4028612,0.4204633,0.3865931,0.3527077
0.287735,0.4087128,0.4087128,0.4035648,0.4013163,0.3731578
0.2966655,0.3309821,0.3309821,0.4028465,0.3079688,0.3338351
0.5992072,0.4560636,0.4560636,0.5813528,0.5168143,0.5280039
0.294061,0.3434998,0.3434998,0.3799204,0.3162827,0.3211538
0.4624679,0.4389494,0.4389494,0.3960473,0.4225013,0.4739863
0.3132441,0.3713519,0.3713519,0.3776838,0.3517301,0.4137544
0.6008871,0.4381862,0.4381862,0.3958534,0.4148019,0.4883917
0.6106888,0.5050027,0.5050027,0.4117545,0.4784986,0.4679668
0.5684501,0.4573799,0.4573799,0.4666292,0.4755989,0.4884735
0.3226556,0.4352129,0.4352129,0.396367,0.416671,0.4664271
0.6073203,0.5553626,0.5553626,0.568671,0.6233337,0.6399587
0.6903334,0.8180801,0.8180801,0.8369969,0.8802502,0.928906
0.5562507,0.4009004,0.4009004,0.4263567,0.3818207,0.4205455
0.3364076,0.4733934,0.4733934,0.4180503,0.4413987,0.4374756
0.8028706,0.8024737,0.8024737,0.8262618,0.8723951,0.9306856
0.4731407,0.5835567,0.5835567,0.4112834,0.5577826,0.4856401
0.4106508,0.4449279,0.4449279,0.3942533,0.4254093,0.3689794
0.6247804,0.54912,0.54912,0.4610069,0.5338436,0.5871806
0.7287478,0.8329223,0.8329223,0.917368,0.861245,0.8952945
0.5727678,0.4321329,0.4321329,0.4306714,0.4104041,0.3891258
0.578958,0.4925409,0.4925409,0.4383484,0.4852624,0.5025655
0.5091771,0.422,0.422,0.5473516,0.5086616,0.506632
0.4129222,0.482019,0.482019,0.4005096,0.4455368,0.3557966
0.300323,0.3756196,0.3756196,0.3849666,0.3527553,0.4138194
0.8243549,0.9198455,0.9198455,1,0.9198455,0.9062618
0.3155661,0.3645708,0.3645708,0.3806985,0.3382364,0.3008764
0.367575,0.56413,0.56413,0.3909431,0.5409512,0.4780844
0.2824741,0.3690217,0.3690217,0.4078476,0.3596782,0.3578703
0.5285443,0.3586588,0.3586588,0.4208431,0.3360396,0.3611366
0.3049181,0.3374193,0.3374193,0.3848188,0.3267181,0.3705395
0.4905631,0.386677,0.386677,0.4403668,0.3763241,0.3601395
0.5596516,0.4423685,0.4423685,0.3953407,0.4199419,0.4902173
0.4302545,0.4401935,0.4401935,0.414445,0.4499188,0.4250516
0.6400514,0.5936191,0.5936191,0.4729044,0.5885602,0.5381979
0.713607,0.724359,0.724359,0.7328976,0.7786664,0.7968796
0.6616362,0.5177015,0.5177015,0.6034526,0.542969,0.6036033
0.3816355,0.4120844,0.4120844,0.3993754,0.3923269,0.4022267
0.3077079,0.3113821,0.3113821,0.379938,0.2861839,0.3164118
0.7327746,0.9340829,0.9340829,0.9555116,0.9622005,0.9741117
0.4910589,0.4985081,0.4985081,0.536573,0.5366163,0.5892208
0.2668618,0.3076943,0.3076943,0.3844041,0.2964873,0.3314663
0.393441,0.5992597,0.5992597,0.4054424,0.5698941,0.4883055
0.313072,0.4388977,0.4388977,0.3936851,0.421957,0.3534193
0.694871,0.422458,0.422458,0.414136,0.4102776,0.4401327
0.6423079,0.3974672,0.3974672,0.4420853,0.3693745,0.366118
0.4543959,0.4131564,0.4131564,0.4068272,0.3972406,0.3724795
0.5870064,0.6363428,0.6363428,0.554622,0.670223,0.6971391
0.3177334,0.3588288,0.3588288,0.4052629,0.3518375,0.3810896
0.2919184,0.3383905,0.3383905,0.3801799,0.3220554,0.3340662
0.3630746,0.4121099,0.4121099,0.3890203,0.3874476,0.4571308
0.498102,0.3810036,0.3810036,0.4195875,0.3713328,0.3705968
0.3518661,0.4630326,0.4630326,0.4189656,0.4705788,0.4224908
0.6917047,0.512656,0.512656,0.5951052,0.5471457,0.6053785
0.3001487,0.3097122,0.3097122,0.3809686,0.2818106,0.2977944
0.3241428,0.4127592,0.4127592,0.3942358,0.3787393,0.3356434
0.2686749,0.3377356,0.3377356,0.3916395,0.3241223,0.3436911
0.3343595,0.3431662,0.3431662,0.3951824,0.3248834,0.3373839
0.4733236,0.5217951,0.5217951,0.4693623,0.5059005,0.4690918
0.3301305,0.4425778,0.4425778,0.3762136,0.4208597,0.3269076
0.3709758,0.4495126,0.4495126,0.3794794,0.4247204,0.3282359
0.7223934,0.9002328,0.9002328,0.9439973,0.9303729,0.9758463
0.4630062,0.4407385,0.4407385,0.377632,0.4181057,0.3176758
0.3716188,0.4585605,0.4585605,0.3972078,0.4379851,0.3657751
0.4679938,0.4531296,0.4531296,0.419856,0.4460058,0.345825
0.4913116,0.3820728,0.3820728,0.4134568,0.3924833,0.3877679
0.3255792,0.3672964,0.3672964,0.4026125,0.3625151,0.3711126
0.5231933,0.4488565,0.4488565,0.5432986,0.5085953,0.5031198
0.3922313,0.4816169,0.4816169,0.3989654,0.4604993,0.4166725
0.4075837,0.4130521,0.4130521,0.4088615,0.3921606,0.3532168
0.3518691,0.5725702,0.5725702,0.5056115,0.5756355,0.5800892
0.4307409,0.3593926,0.3593926,0.4051348,0.3353792,0.3319358
0.351948,0.3606309,0.3606309,0.4013897,0.3401357,0.3319841
0.3439661,0.3558645,0.3558645,0.3974723,0.3385368,0.3348963
0.4859615,0.4824102,0.4824102,0.4327202,0.4660401,0.3604474
0.3701105,0.4480441,0.4480441,0.5325444,0.5430852,0.5833492
0.3785347,0.3813959,0.3813959,0.3957875,0.3686605,0.3803283
0.3622222,0.4980476,0.4980476,0.596126,0.5609305,0.5371215
0.3454643,0.4108653,0.4108653,0.3848381,0.3815408,0.322406
0.3485834,0.4176319,0.4176319,0.3823104,0.391041,0.3903657
0.3482969,0.4630543,0.4630543,0.4000356,0.4416355,0.373139
0.2973443,0.3437113,0.3437113,0.3967886,0.3426471,0.3399199
0.3378381,0.4516099,0.4516099,0.382844,0.4229079,0.3157269
0.3009783,0.3500136,0.3500136,0.3776862,0.3347678,0.3548441
0.3094489,0.3717982,0.3717982,0.4096834,0.3626103,0.3522946
0.357765,0.3639812,0.3639812,0.3790528,0.339579,0.3211551
0.4619072,0.3970697,0.3970697,0.6010929,0.4237802,0.4653403
0.4707924,0.4961602,0.4961602,0.5857543,0.5881927,0.5549469
0.8033739,0.8199691,0.8199691,0.832203,0.8853561,0.9360134
0.5400826,0.4230864,0.4230864,0.4024186,0.4006399,0.3491242
0.4245745,0.6361465,0.6361465,0.4240651,0.5947507,0.5387004
0.4808833,0.5175887,0.5175887,0.4784411,0.4992743,0.4426409
0.4267421,0.3524291,0.3524291,0.4021925,0.3336379,0.3480365
0.4029201,0.4604921,0.4604921,0.4042985,0.4469576,0.4188027
0.9528116,0.9972087,0.9972087,0.9999998,0.9972087,0.9994886
0.4847713,0.4022829,0.4022829,0.5541298,0.4488916,0.483551
0.4329492,0.5437599,0.5437599,0.589466,0.6312631,0.607767
0.5441598,0.4545856,0.4545856,0.4127543,0.4316824,0.4044349
0.3854859,0.3763822,0.3763822,0.4002427,0.356307,0.3948548
0.3603114,0.4346378,0.4346378,0.4014622,0.4117459,0.3555708
0.4314714,0.4521214,0.4521214,0.547064,0.508889,0.4980931
0.4353651,0.4511053,0.4511053,0.3891937,0.423471,0.362099
0.6249786,0.7140331,0.7140331,0.8553524,0.7456067,0.7895065
0.3940659,0.4180214,0.4180214,0.405035,0.4014263,0.3597206
0.4528602,0.4160369,0.4160369,0.3869303,0.3967001,0.4625132
0.3638116,0.4078899,0.4078899,0.3973364,0.3879986,0.3513967
0.6600829,0.6249175,0.6249175,0.4627078,0.6243319,0.5833874
0.4255002,0.3948652,0.3948652,0.4023987,0.3822347,0.3688467
0.4228879,0.3783295,0.3783295,0.4246642,0.365963,0.3726176
0.69281,0.8840329,0.8840329,0.9516849,0.908525,0.9551511
0.2987004,0.3417907,0.3417907,0.3787763,0.3158609,0.3163137
0.3073668,0.3966983,0.3966983,0.3749271,0.3719659,0.3401664
0.3611722,0.5399126,0.5399126,0.3907108,0.5172561,0.4692276
0.6134959,0.4281695,0.4281695,0.4429451,0.4124814,0.3848746
0.6752456,0.5188493,0.5188493,0.4709479,0.4842268,0.4825994
0.3174343,0.3740641,0.3740641,0.4079834,0.3652909,0.3583655
0.6314204,0.5206516,0.5206516,0.4364649,0.5043076,0.5076936
0.4404732,0.5481831,0.5481831,0.5032818,0.5399583,0.5149813
0.464687,0.5382067,0.5382067,0.4995423,0.5600134,0.5714104
0.3963918,0.3442643,0.3442643,0.4124872,0.3321727,0.3634017
0.3861916,0.4906651,0.4906651,0.3870991,0.4763074,0.3786773
0.4298054,0.4564697,0.4564697,0.4215943,0.4450798,0.4598367
0.8844744,0.9108988,0.9108988,1,0.9108988,0.8948302
0.5007085,0.415535,0.415535,0.4185782,0.3968749,0.3510696
0.9994008,0.9960053,0.9960053,0.9999966,0.9960069,0.9999991
0.3238076,0.3641674,0.3641674,0.3928413,0.3463432,0.3504016
0.3757781,0.4510105,0.4510105,0.414868,0.4471789,0.3506826
0.3774391,0.387249,0.387249,0.3925653,0.3713021,0.3980449
0.7614262,0.9801543,0.9801543,0.9846468,0.988193,0.9989048
0.2991479,0.3642132,0.3642132,0.3833121,0.3363386,0.3090982
0.5205953,0.4016528,0.4016528,0.4035946,0.3754903,0.336541
0.627095,0.3884006,0.3884006,0.5854275,0.4348595,0.4838376
0.2883032,0.3602674,0.3602674,0.3856356,0.3499898,0.368315
0.3664683,0.5235737,0.5235737,0.3896402,0.5061667,0.4483075
0.6575491,0.8168488,0.8168488,0.8946585,0.876862,0.9064867
0.4126875,0.344934,0.344934,0.4155839,0.3159873,0.3724831
0.3265383,0.3871338,0.3871338,0.3804196,0.3602463,0.3131849
0.5666878,0.6034488,0.6034488,0.4146738,0.5794035,0.4952848
0.7606374,0.6129046,0.6129046,0.4358331,0.5737164,0.5095934
0.3079823,0.3021309,0.3021309,0.3750142,0.2784682,0.3185291
0.6496547,0.566677,0.566677,0.489369,0.5246282,0.581478
0.3179702,0.4024605,0.4024605,0.3827363,0.3784781,0.3407837
0.2745782,0.312818,0.312818,0.3833868,0.2957258,0.3322032
0.299681,0.2957077,0.2957077,0.3891145,0.2833129,0.3284678
0.4366308,0.4398142,0.4398142,0.3974113,0.4199406,0.3280335
0.5680204,0.4116258,0.4116258,0.5126418,0.4717618,0.4560129
0.5259602,0.41724,0.41724,0.585967,0.4592162,0.5061199
0.4643384,0.3594999,0.3594999,0.4235483,0.346803,0.3710698
0.2895539,0.3364764,0.3364764,0.3765307,0.3175773,0.3711923
0.4273616,0.4379722,0.4379722,0.390386,0.420139,0.402383
0.4678207,0.4877043,0.4877043,0.3914869,0.4566798,0.3565899
0.3661075,0.3342171,0.3342171,0.4009024,0.3133533,0.3670575
0.7448845,0.7373839,0.7373839,0.7267298,0.7989294,0.8207925
0.4214714,0.4506516,0.4506516,0.4161865,0.4442543,0.3583127
0.5022119,0.4744862,0.4744862,0.4198362,0.4536713,0.3767969
0.2819,0.3271358,0.3271358,0.37779,0.3059507,0.3475638
0.2879486,0.3359608,0.3359608,0.3961539,0.3372618,0.3369573
0.3784977,0.4146052,0.4146052,0.4030305,0.4089891,0.4172629
0.5779708,0.4788649,0.4788649,0.4109246,0.4515213,0.3549564
0.4817254,0.5692767,0.5692767,0.4751102,0.555973,0.487402
0.6795812,0.8808568,0.8808568,0.9729551,0.8907566,0.9242144
0.3215299,0.3032035,0.3032035,0.3839769,0.2881735,0.3372426
0.3330965,0.3336778,0.3336778,0.3891887,0.3031494,0.3230222
0.3607194,0.3741357,0.3741357,0.4252666,0.362236,0.3823815
0.4266459,0.4926696,0.4926696,0.3869108,0.4674481,0.4045996
0.4508279,0.5403489,0.5403489,0.445997,0.5364645,0.5153678
0.3020665,0.4250739,0.4250739,0.4060715,0.4157579,0.3796751
0.6161208,0.5975594,0.5975594,0.4093623,0.5762767,0.4915321
0.3181982,0.3575926,0.3575926,0.3924634,0.3401786,0.3291456
0.3389641,0.3484373,0.3484373,0.4103166,0.3405099,0.3647005
0.3560461,0.3547909,0.3547909,0.3954912,0.3396527,0.3464258
0.7119181,0.5497475,0.5497475,0.4447687,0.5495235,0.5988289
0.7112712,0.6450774,0.6450774,0.4368792,0.6103741,0.5324518
0.5382533,0.4769101,0.4769101,0.4132098,0.4567071,0.3556347
0.5660834,0.3632326,0.3632326,0.4183598,0.3513395,0.3650698
0.5456299,0.4757155,0.4757155,0.5773943,0.528481,0.5282492
0.5371514,0.3929359,0.3929359,0.4298096,0.3898195,0.3921562
0.2941295,0.3492145,0.3492145,0.3878734,0.3220805,0.3482279
0.4693738,0.404071,0.404071,0.5445957,0.4922154,0.5179172
0.3683782,0.3649495,0.3649495,0.3861646,0.3378948,0.3503747
0.6293004,0.4972126,0.4972126,0.6080737,0.5403267,0.563074
0.4239465,0.403968,0.403968,0.4049233,0.3913473,0.3595348
0.3059497,0.3686588,0.3686588,0.3914214,0.3354045,0.3052577
0.3804875,0.3481621,0.3481621,0.4078672,0.324937,0.3720838
0.4597473,0.4125244,0.4125244,0.4093528,0.3914069,0.3820752
0.5232787,0.4934938,0.4934938,0.4244844,0.4649716,0.3621352
0.2974432,0.3211427,0.3211427,0.3739796,0.2972013,0.3030775
0.7341167,0.7187122,0.7187122,0.7108751,0.7978629,0.8213997
0.6173112,0.6392962,0.6392962,0.5110108,0.6678252,0.6856094
0.4317596,0.4072495,0.4072495,0.4197903,0.3898369,0.351568
0.6571527,0.7346873,0.7346873,0.7628001,0.7723452,0.783164
0.5096745,0.3915237,0.3915237,0.3949532,0.3732629,0.3218829
0.3234975,0.4032097,0.4032097,0.3788026,0.3798723,0.3148288
0.4720672,0.4445033,0.4445033,0.498012,0.5126804,0.5062958
0.3656563,0.4093462,0.4093462,0.3985327,0.3739957,0.372665
0.5662854,0.3842712,0.3842712,0.5372205,0.4369317,0.4660754
0.6500434,0.5958161,0.5958161,0.4147341,0.5717133,0.486056
0.3370445,0.3688432,0.3688432,0.4026742,0.3656161,0.3901785
0.3314943,0.3947404,0.3947404,0.3829034,0.3730926,0.4414647
0.2919691,0.345334,0.345334,0.3786144,0.3299196,0.3555508
0.434655,0.3917227,0.3917227,0.4198272,0.3982626,0.3938769
0.4647192,0.3855019,0.3855019,0.4071489,0.3631525,0.3646027
0.515923,0.5996836,0.5996836,0.408456,0.579404,0.4952848
0.3532137,0.4458188,0.4458188,0.4174666,0.4458305,0.4425798
0.4014293,0.3531003,0.3531003,0.3954532,0.3371795,0.3335451
0.6436648,0.3452401,0.3452401,0.4131026,0.3184762,0.3721066
0.5669895,0.5372784,0.5372784,0.4864358,0.5511936,0.5340161
