AGE,S1,S2,PhD,YEARSEXP,S3,PU1,PU2,PU3,PEU1,PEU2,PEU3,ENJ1,ENJ2,Qu1,Qu2,Qu3,Qu4,Qu5,Vis1,Vis2,Vis3,Im1,Im2,Im3,SA1,SA2,SA3,Use1,Use2,Use3,Use4,Use5,Pf1,Pf2,Pf3,JR1,JR2,BI1,BI2,Inc1,Inc2,Inc3,Inc4,Exp1,Exp2,Exp3,Exp4,Exp5,Class
40,0,2,1,14,1,4,4,3,5,5,3,4,4,3,3,2,2,3,3,3,1,2,4,2,4,4,4,3,1,1,2,4,1,1,3,4,1,2,3,5,5,5,5,4,4,4,1,2,inlier
42,0,5,1,18,1,2,3,3,4,4,3,3,4,4,4,3,3,2,3,3,1,1,2,1,4,4,4,2,2,1,1,2,1,1,1,4,3,2,2,4,4,3,4,2,2,4,2,4,inlier
37,0,4,1,13,1,2,2,2,4,4,3,3,3,2,2,2,5,3,2,3,2,2,4,3,4,2,4,1,1,1,1,1,3,3,3,4,3,1,1,5,3,5,5,2,2,2,1,3,inlier
40,0,4,0,13,1,3,3,4,3,3,3,4,3,3,4,3,3,3,3,4,3,2,2,3,5,5,5,3,3,3,3,3,4,4,4,5,4,3,3,3,4,4,3,4,4,3,3,4,inlier
51,0,0,0,8,1,4,3,5,5,4,3,4,4,4,5,4,3,4,4,4,4,3,2,3,5,5,5,3,3,5,5,5,5,5,5,3,3,5,5,5,5,4,4,5,5,5,4,4,outlier
47,0,4,0,17,1,2,2,3,5,4,3,3,3,3,3,3,4,4,3,4,4,3,5,3,5,5,5,2,1,3,2,4,4,3,2,4,1,4,4,5,3,2,4,4,3,4,1,4,inlier
43,0,4,0,11,1,4,4,4,5,4,5,5,5,4,4,4,2,4,4,4,4,3,5,3,5,5,5,3,4,4,3,5,4,3,3,5,4,3,4,4,4,4,1,4,5,5,2,2,inlier
55,0,0,0,12,1,4,4,5,4,3,4,4,3,3,3,3,3,4,3,3,4,4,5,4,5,5,5,1,2,3,3,4,4,3,4,4,4,3,4,3,3,3,3,4,4,3,1,4,inlier
54,0,1,1,14,1,4,4,5,4,5,4,5,5,4,4,2,5,3,4,3,4,3,3,3,5,5,4,1,1,4,4,5,1,2,3,3,2,4,3,5,5,4,2,5,5,5,1,1,inlier
50,0,4,1,25,1,4,4,4,5,5,4,5,4,4,4,4,2,3,3,3,3,3,5,3,4,5,5,4,1,5,4,5,2,2,4,4,4,5,5,5,5,5,5,4,5,2,1,1,inlier
40,0,4,1,13,1,3,3,4,5,4,4,5,4,3,4,3,3,2,3,4,2,2,4,3,5,4,5,2,3,4,3,4,1,2,4,4,3,3,4,3,3,2,4,4,4,4,1,2,outlier
48,0,0,0,25,1,5,4,3,5,5,3,5,5,3,5,4,2,3,4,3,1,1,1,3,2,2,3,1,1,1,1,1,1,1,1,1,1,2,2,3,4,4,5,4,4,5,1,1,inlier
38,0,0,1,15,1,4,5,5,5,4,3,4,4,4,4,2,2,4,3,4,4,3,4,3,4,2,4,5,5,4,4,4,3,5,5,4,2,4,4,4,5,5,5,4,4,5,1,3,inlier
56,0,0,1,13,1,1,1,1,2,1,3,2,2,2,2,2,4,2,2,3,1,2,2,2,1,1,1,2,2,1,1,2,1,1,1,1,2,1,1,1,2,2,3,1,1,1,2,1,outlier
44,0,4,1,15,1,4,4,4,3,4,4,5,5,4,5,4,2,4,4,3,4,3,3,3,5,5,4,3,2,4,4,4,4,5,5,4,3,5,5,4,4,4,4,4,4,5,4,4,outlier
39,0,0,1,12,1,3,3,3,5,4,4,3,4,3,4,2,4,3,2,3,1,4,5,4,5,5,5,1,1,2,2,3,2,3,3,4,3,1,1,4,5,2,1,2,2,2,1,1,inlier
40,0,4,1,18,1,4,4,5,5,4,4,4,5,4,4,5,2,4,4,4,2,3,5,5,5,4,4,1,1,4,4,5,4,5,5,4,3,4,4,4,3,3,4,5,4,5,1,5,outlier
51,0,0,1,20,1,4,4,4,5,4,4,5,5,4,4,4,3,3,3,3,2,3,3,2,4,5,4,2,2,2,2,4,5,5,3,4,3,3,3,4,4,4,4,4,5,5,2,4,inlier
39,0,4,0,12,1,5,4,4,4,4,4,5,4,4,4,4,2,5,4,4,3,3,4,3,5,5,5,3,2,4,4,4,5,5,4,3,2,4,4,5,5,4,5,4,5,5,3,3,outlier
33,0,0,1,5,1,2,2,5,5,5,3,4,4,4,5,4,4,4,3,3,1,2,2,2,5,5,3,1,1,1,1,4,3,3,3,3,3,3,3,2,4,2,3,2,4,4,1,2,inlier
36,0,0,1,10,1,4,2,5,5,5,3,5,5,5,5,5,4,4,2,4,5,4,4,4,5,5,5,4,5,5,5,5,5,3,5,5,5,5,5,5,4,4,2,5,5,5,1,5,inlier
45,0,0,1,15,1,2,2,3,4,4,3,3,4,4,4,3,2,2,2,2,1,2,3,2,3,2,2,1,1,1,1,4,1,1,1,4,3,2,2,3,4,3,2,3,3,2,1,2,inlier
38,0,1,0,10,1,3,2,3,5,4,3,4,4,4,3,2,4,4,4,3,1,2,2,3,4,4,4,2,1,1,1,4,1,2,1,5,4,3,3,5,4,4,3,3,4,4,1,3,inlier
38,0,3,1,15,1,4,4,4,5,5,5,5,5,4,4,3,3,3,4,3,3,2,3,3,4,3,4,4,4,4,3,4,2,3,4,5,5,4,4,5,4,5,4,2,4,4,4,2,outlier
38,0,5,1,14,1,3,2,3,4,4,4,4,4,3,5,3,4,3,2,2,2,2,2,2,4,2,4,2,1,2,3,3,3,1,2,5,4,3,3,5,5,3,2,3,4,4,2,2,outlier
40,0,0,0,9,1,5,5,5,4,4,3,4,4,3,3,3,3,4,4,4,3,4,4,4,5,5,5,3,4,3,3,4,3,4,4,5,4,4,4,5,4,4,4,4,5,2,4,4,inlier
33,0,5,1,6,1,2,3,2,5,5,3,5,5,4,5,3,4,3,4,4,2,2,3,2,3,4,4,2,2,2,2,2,2,3,3,5,3,3,3,4,3,4,3,2,3,5,1,1,inlier
38,0,1,1,5,1,3,3,4,4,4,3,4,3,3,3,3,3,3,4,3,1,4,4,3,5,5,5,2,1,3,1,4,1,1,1,4,2,3,4,5,5,4,4,3,3,4,2,1,inlier
35,0,0,0,10,1,4,3,4,4,3,4,3,3,3,3,4,4,3,4,4,4,4,4,3,4,4,3,3,4,3,4,3,4,4,4,4,3,3,3,4,4,3,4,3,3,4,3,3,inlier
39,0,4,1,10,1,2,3,3,4,4,4,5,5,2,4,2,3,3,2,2,1,2,2,2,2,3,3,2,1,2,2,2,3,3,4,2,2,3,2,4,4,4,4,4,5,5,1,4,inlier
37,0,0,1,15,1,3,3,3,4,4,3,3,3,2,2,2,2,2,2,2,2,2,2,2,2,2,2,1,1,3,2,2,1,3,2,3,3,2,2,3,3,3,3,2,2,3,1,3,inlier
43,0,1,1,12,1,4,4,4,5,5,3,4,4,4,4,4,2,5,5,5,5,2,1,3,5,5,5,5,4,5,5,5,3,2,5,5,2,5,5,3,3,4,5,5,5,5,2,2,outlier
41,0,0,1,10,1,4,4,5,3,3,3,3,3,4,4,3,3,4,3,4,4,3,4,2,5,5,5,2,1,3,4,4,4,4,4,5,2,4,4,4,3,3,3,5,5,5,2,4,inlier
38,0,4,1,14,1,4,4,4,5,4,3,4,4,4,4,3,3,4,4,3,4,3,4,3,5,4,5,3,3,4,4,4,4,3,3,5,3,4,5,4,4,3,3,4,4,4,3,4,outlier
51,0,0,0,14,1,4,4,4,4,4,4,4,4,3,4,3,2,3,2,3,3,2,3,4,5,4,5,2,1,4,4,4,2,3,4,4,4,4,4,4,4,3,3,3,3,3,1,5,inlier
49,0,0,1,10,1,3,3,4,5,4,5,4,4,4,3,4,2,4,4,4,2,4,3,4,5,5,5,2,2,3,3,4,4,4,3,5,4,4,4,5,4,4,4,4,4,4,1,2,inlier
43,0,0,0,9,1,2,2,2,4,2,2,2,2,2,2,2,4,2,2,2,1,2,2,2,3,2,4,1,1,2,2,2,2,2,1,3,3,2,2,3,3,2,2,2,2,2,1,2,inlier
38,0,1,1,12,1,3,2,3,5,4,3,4,4,3,4,3,5,2,3,3,1,3,3,3,4,5,3,2,1,3,3,3,4,3,3,4,4,3,3,4,4,4,2,2,3,4,1,3,inlier
43,0,0,1,14,1,3,4,5,4,3,3,4,3,3,4,3,4,3,3,3,2,2,3,3,5,5,5,2,2,4,4,4,3,4,3,4,4,4,4,5,4,4,4,4,5,5,1,2,inlier
35,0,0,1,8,1,2,2,2,5,4,3,4,4,3,4,4,3,2,2,3,1,1,1,3,4,3,4,2,1,2,4,1,5,2,3,5,4,1,1,4,4,4,4,4,4,4,1,4,inlier
37,0,1,1,9,1,3,2,3,4,3,3,4,3,2,2,2,4,1,3,3,1,2,3,3,3,4,3,1,1,2,2,2,3,2,3,3,3,2,2,3,3,3,3,2,2,4,1,2,inlier
46,0,0,1,18,1,3,3,3,4,4,3,4,4,3,4,2,5,2,3,3,1,2,4,2,4,5,5,2,3,2,1,4,2,3,2,4,5,3,2,4,3,4,4,2,2,4,1,3,inlier
36,0,5,1,14,1,3,3,3,4,4,2,3,5,2,2,1,5,1,2,1,1,1,5,2,5,5,5,1,1,1,1,1,1,1,1,5,5,1,2,5,1,1,5,1,1,2,1,2,inlier
39,0,1,1,10,1,3,3,4,4,4,2,4,3,4,4,4,2,4,2,1,3,2,2,3,4,4,4,4,4,4,4,4,2,2,2,4,2,4,4,4,2,2,4,4,4,2,1,2,inlier
35,0,4,1,7,1,4,4,4,3,4,3,4,4,2,3,3,3,3,2,3,2,3,4,2,5,2,4,2,3,3,3,3,4,4,4,4,1,3,3,4,3,3,3,4,3,4,3,3,inlier
33,0,0,1,7,1,3,3,3,4,4,3,3,4,4,4,3,3,4,3,3,1,3,3,3,4,4,4,1,1,2,2,3,1,3,2,4,3,3,3,4,3,3,3,2,2,3,1,3,inlier
33,0,0,0,5,1,5,4,5,4,5,3,4,3,4,5,5,4,4,3,3,1,3,5,3,5,5,4,1,1,1,1,3,1,1,3,5,3,3,3,2,2,1,2,2,2,4,1,2,inlier
34,0,4,1,11,1,3,4,4,5,5,4,5,4,4,4,3,4,4,3,2,2,4,4,4,4,4,4,4,4,4,4,3,2,2,2,4,3,4,3,4,4,1,4,4,4,4,1,2,inlier
59,0,2,1,36,1,4,4,4,4,4,3,4,3,4,4,3,3,5,4,3,3,3,3,3,5,5,5,4,3,4,4,4,4,2,4,4,2,4,4,4,3,3,5,4,4,4,1,2,inlier
36,0,4,1,9,1,3,3,4,5,4,3,4,4,2,1,1,3,3,4,4,2,3,5,3,5,5,5,1,1,2,2,3,1,2,2,5,2,3,3,4,2,1,4,2,2,3,1,2,inlier
34,0,4,1,7,1,3,3,3,5,5,4,2,4,2,4,2,3,2,2,4,1,3,4,3,4,4,4,1,1,3,3,4,1,2,1,4,1,2,2,4,2,4,2,2,2,2,1,5,inlier
41,0,0,1,15,1,3,3,2,4,4,2,3,4,2,3,3,4,2,4,3,2,2,4,3,4,4,4,2,2,2,2,3,3,4,3,4,4,2,2,4,4,3,2,2,2,2,1,4,inlier
43,0,5,0,19,1,2,3,3,4,4,2,4,4,3,3,2,2,3,2,2,1,2,2,2,4,4,4,2,2,2,2,3,2,2,3,4,3,2,2,3,3,3,3,2,3,3,1,1,inlier
43,0,3,0,4,1,2,2,2,3,2,3,4,2,2,2,2,3,2,2,2,2,2,2,2,3,3,3,1,1,2,2,2,2,3,1,4,4,2,2,3,3,3,3,2,2,2,1,2,inlier
32,0,4,1,8,1,3,4,4,5,4,4,5,5,4,4,4,3,5,4,4,1,3,5,4,5,5,5,2,1,2,2,5,2,1,4,3,3,3,3,4,4,3,4,4,5,5,1,4,inlier
32,0,4,0,7,1,4,3,3,5,4,3,5,5,3,4,2,5,4,3,4,1,3,5,2,5,4,4,1,1,1,1,2,1,1,1,4,1,2,2,2,5,1,5,1,2,4,1,1,inlier
52,0,1,1,10,1,2,2,4,5,4,2,3,4,4,4,2,4,1,2,4,1,2,4,3,4,4,2,1,1,4,3,4,1,1,1,4,3,2,4,4,5,3,3,4,5,5,2,3,outlier
31,0,0,1,10,1,4,5,4,5,5,4,5,5,4,4,3,2,4,4,3,2,3,4,4,5,4,5,3,4,4,5,4,1,2,2,4,4,5,4,5,4,4,5,5,5,5,1,2,inlier
37,0,0,1,11,1,2,3,3,4,4,3,3,3,2,3,2,4,3,3,3,1,2,4,2,5,5,5,2,1,2,2,3,1,1,3,4,4,3,3,3,5,2,3,2,2,2,1,1,inlier
33,0,4,1,5,1,2,3,4,3,4,3,4,4,4,4,3,2,3,2,3,2,2,4,2,3,4,4,2,1,2,3,2,2,1,2,3,1,2,3,5,5,5,5,4,4,4,1,3,inlier
32,0,1,0,2,1,4,4,5,4,4,5,5,4,3,5,3,2,4,3,3,4,4,5,4,5,5,5,3,3,4,4,4,5,1,3,5,5,3,4,5,2,2,4,4,5,3,2,4,inlier
52,0,0,1,23,1,3,3,3,5,4,4,3,4,4,4,3,3,3,4,4,1,2,3,2,4,5,5,2,3,3,3,4,4,3,4,2,2,3,3,4,4,4,4,3,3,4,2,5,outlier
62,0,1,1,17,1,4,4,5,5,4,4,3,3,5,5,3,3,4,2,3,5,2,2,2,4,4,4,4,5,5,4,4,5,4,4,3,2,4,5,3,5,3,4,5,5,3,4,4,outlier
50,0,1,0,15,1,3,2,3,4,4,3,4,4,3,2,3,4,4,4,3,3,3,2,2,4,4,4,3,2,4,4,4,2,2,2,4,2,4,4,5,5,3,3,4,5,2,1,2,inlier
42,0,0,1,20,1,4,3,4,4,3,4,5,5,3,4,3,4,3,4,4,2,2,2,2,4,4,4,3,3,4,3,4,4,4,4,3,2,4,4,4,3,3,4,3,4,4,2,2,inlier
43,0,0,1,20,1,5,4,5,4,3,2,4,4,3,4,3,2,4,2,3,3,2,4,3,4,4,5,2,1,4,4,5,1,1,1,4,3,4,5,3,4,3,3,4,4,4,1,1,inlier
44,0,0,1,17,1,3,4,4,4,4,3,4,4,4,4,4,2,4,3,3,2,3,4,3,4,4,5,1,1,1,1,3,1,1,1,4,3,3,3,4,4,4,3,2,2,4,1,3,inlier
41,0,4,1,17,1,4,4,4,2,3,1,4,3,4,4,4,2,4,3,3,4,4,4,4,4,4,4,4,4,4,4,4,3,4,4,4,1,4,4,3,3,3,5,4,4,4,1,4,inlier
50,0,1,1,23,1,5,5,5,5,5,4,5,5,4,4,4,2,5,5,3,4,2,2,4,5,4,4,3,4,4,4,4,3,1,4,2,2,5,5,5,4,3,4,4,5,4,2,4,outlier
48,0,1,1,16,1,5,5,5,4,4,4,4,4,4,4,3,2,3,4,3,1,4,3,4,5,5,5,1,4,4,4,4,5,5,3,5,5,5,5,5,5,1,1,5,5,5,1,4,inlier
47,0,0,1,17,1,5,4,4,4,4,4,4,4,4,4,3,2,3,3,4,2,3,3,4,4,4,4,2,1,2,2,4,2,3,3,4,2,3,4,4,5,4,3,3,4,4,1,2,inlier
51,0,1,1,13,1,3,2,2,2,2,4,3,2,5,4,2,3,4,3,4,2,2,3,4,4,5,5,3,3,4,2,4,4,1,2,4,2,4,4,5,5,5,4,4,5,5,1,1,inlier
46,0,5,1,13,1,3,2,2,5,4,3,4,4,3,3,2,5,3,3,4,1,2,5,4,5,5,4,1,1,1,2,3,3,4,4,4,2,4,4,4,4,4,4,2,5,4,2,1,outlier
42,0,3,1,12,1,2,3,4,3,4,3,4,4,3,3,3,3,4,3,4,2,2,4,3,4,5,5,2,1,2,2,3,1,4,3,5,5,1,2,1,1,2,1,3,4,4,1,2,inlier
44,0,4,1,17,1,2,4,4,4,4,3,3,4,4,4,4,2,4,3,4,3,2,4,3,4,5,5,3,1,3,2,4,1,1,1,5,5,2,2,1,1,1,1,4,4,4,1,4,inlier
53,1,1,1,6,1,2,2,2,4,4,3,3,3,2,4,2,3,2,2,3,1,1,1,1,3,3,3,1,1,2,2,3,3,3,2,5,5,3,2,5,5,5,5,2,4,4,1,3,inlier
39,1,0,1,16,1,2,4,3,4,4,3,4,4,3,3,4,4,3,2,3,1,2,1,1,4,4,4,2,1,2,2,4,1,3,2,5,2,3,3,4,3,5,4,3,2,2,1,1,inlier
42,1,0,0,17,1,2,3,3,4,3,3,3,4,3,3,3,4,2,3,3,1,2,4,3,4,4,4,2,2,2,2,3,1,2,3,4,4,3,3,4,4,4,4,3,3,4,2,2,inlier
46,1,4,1,15,1,4,1,4,5,4,4,1,4,2,2,1,2,1,3,3,1,1,3,3,5,2,3,1,1,1,1,2,2,2,3,2,2,2,2,4,4,4,4,3,4,3,1,2,inlier
47,1,0,0,20,1,3,3,3,5,4,5,4,4,4,4,4,3,3,3,5,1,2,3,2,4,5,4,1,1,1,1,3,1,1,1,3,3,2,2,4,3,3,1,1,1,4,1,1,inlier
39,1,0,1,18,1,2,3,2,4,4,2,3,2,4,3,3,4,3,3,2,1,2,2,1,4,4,5,1,1,1,1,3,4,4,3,3,2,2,3,2,5,4,4,2,3,3,1,1,inlier
38,1,1,1,12,1,3,4,3,5,4,2,4,4,4,4,3,3,3,3,2,2,2,3,3,4,4,4,3,2,3,3,3,3,2,1,3,2,3,3,5,5,5,5,4,4,2,2,3,inlier
43,1,0,0,14,1,3,2,2,4,4,3,4,4,3,3,4,2,3,3,3,1,2,4,3,5,5,5,1,1,1,1,3,1,2,2,5,3,3,3,3,5,3,5,2,3,5,1,4,inlier
42,1,0,0,3,1,2,2,2,5,3,5,5,5,2,3,2,2,2,2,5,1,2,4,1,5,5,4,1,1,1,1,2,2,3,3,5,5,3,3,4,4,4,4,2,2,2,1,5,inlier
46,1,4,1,16,1,3,3,3,4,4,3,4,3,3,4,3,3,3,2,3,2,2,4,3,4,3,4,3,2,3,2,3,2,2,3,4,2,4,4,4,4,4,4,4,3,4,2,3,inlier
40,1,0,1,12,1,3,3,3,4,4,4,4,4,3,3,3,2,4,4,3,2,2,3,2,5,5,5,2,2,3,3,4,3,3,3,4,3,4,4,4,4,3,3,4,5,5,2,4,inlier
48,1,1,1,16,1,3,3,3,5,5,2,4,3,3,3,3,4,2,2,4,2,3,3,3,5,4,4,3,3,4,1,3,1,1,1,3,2,2,4,4,1,1,5,4,5,4,1,3,inlier
36,1,0,1,10,1,2,1,3,5,5,4,3,3,4,4,4,3,4,3,3,2,3,4,4,4,4,4,3,2,4,4,4,3,2,3,4,4,4,4,3,3,3,3,4,5,5,2,2,inlier
37,1,0,1,10,1,4,3,3,5,5,4,4,4,4,4,4,5,3,2,4,1,2,2,4,5,5,5,2,2,3,3,4,2,4,2,4,1,3,3,2,4,2,1,3,3,4,2,5,outlier
50,1,4,1,20,1,2,2,2,5,4,5,3,4,3,3,3,5,3,1,1,2,3,5,5,5,5,5,1,1,1,1,5,1,3,1,5,1,3,3,3,3,3,3,2,4,5,1,2,inlier
43,1,4,1,16,1,4,4,4,4,3,3,4,4,4,4,4,3,4,4,4,3,4,4,3,4,4,4,4,4,4,4,4,2,2,2,4,4,4,4,4,4,4,4,4,4,3,3,4,outlier
49,1,0,1,25,1,3,3,3,4,5,3,3,3,4,4,2,2,3,3,3,2,2,2,4,4,4,4,3,2,3,3,2,2,2,2,4,3,3,3,4,4,4,4,4,4,4,2,2,inlier
35,1,0,1,11,1,2,3,3,5,3,3,3,4,3,3,1,2,3,1,3,1,1,4,4,3,3,5,1,1,1,2,1,1,2,1,4,3,1,1,4,4,3,1,3,3,3,1,2,inlier
46,1,3,1,22,1,4,3,3,3,5,3,3,2,4,4,2,3,5,4,3,1,2,4,4,2,2,2,1,3,1,1,4,1,1,1,5,4,3,2,4,5,4,4,1,4,4,1,4,inlier
40,1,0,1,15,1,4,4,4,2,5,3,3,4,3,4,3,3,5,5,5,3,3,3,5,5,4,5,4,4,5,4,5,2,5,4,4,4,5,5,5,5,5,5,4,4,4,2,5,inlier
35,1,0,0,6,1,3,3,4,5,5,3,5,5,4,5,4,3,4,5,5,1,3,5,5,5,5,5,2,1,1,1,3,1,1,1,5,5,3,3,5,4,5,5,4,4,5,1,1,inlier
41,1,0,1,18,1,2,2,3,4,3,4,4,2,2,2,2,2,2,2,2,2,2,4,2,2,5,3,2,1,2,2,2,2,2,2,4,3,3,2,2,2,2,2,4,4,3,2,3,inlier
41,1,0,1,15,1,4,3,4,4,4,2,4,3,2,3,2,4,3,2,2,1,2,2,2,4,4,4,1,1,2,1,3,2,2,2,3,3,2,2,4,4,4,2,2,4,4,1,3,inlier
55,1,1,1,9,1,4,4,4,4,4,4,3,3,3,3,3,2,3,4,3,1,3,2,3,4,4,5,4,2,4,2,4,2,1,2,4,4,4,4,5,5,5,5,4,4,4,3,5,outlier
45,1,5,0,17,1,2,2,3,4,4,3,3,3,3,3,2,3,3,3,3,1,2,2,2,3,3,3,1,1,1,1,2,2,2,2,4,4,2,2,4,4,4,4,2,3,3,1,3,inlier
45,1,1,1,18,1,2,2,3,5,5,4,4,5,4,3,3,4,4,4,3,2,1,2,3,5,5,5,2,2,2,2,4,2,3,3,5,2,3,3,5,5,5,5,2,4,5,1,1,inlier
37,1,0,1,9,1,4,3,3,3,5,4,3,4,4,4,3,3,3,5,4,4,4,4,4,5,5,5,3,1,3,3,4,3,4,4,5,4,4,4,5,5,4,5,4,4,4,1,4,inlier
35,1,0,0,11,1,2,2,2,5,3,3,3,3,2,2,3,4,1,2,3,1,1,4,1,4,4,2,1,1,1,2,1,1,2,4,3,3,2,1,5,4,4,4,1,1,2,1,1,inlier
33,1,5,0,10,1,2,3,3,4,4,3,4,4,3,3,3,2,2,3,3,1,1,2,1,3,3,3,1,1,1,1,2,1,2,1,4,3,3,1,5,4,4,5,1,4,4,1,1,inlier
44,1,1,1,10,1,1,2,2,5,5,3,2,2,2,2,2,4,1,1,3,1,1,3,2,5,4,4,1,1,2,1,3,3,3,2,5,3,1,1,4,2,2,2,2,3,2,1,5,inlier
38,1,0,0,8,1,3,2,2,4,4,3,4,4,3,4,3,5,2,3,4,1,1,4,2,4,4,5,1,1,1,1,3,1,1,1,5,3,2,3,4,4,4,3,3,3,4,1,1,inlier
48,1,5,1,14,1,2,3,3,5,5,2,4,3,3,3,3,5,4,5,3,1,2,4,2,5,4,5,1,3,1,1,1,1,2,3,5,2,2,3,5,2,2,4,2,5,3,1,2,inlier
44,1,1,1,15,1,3,3,5,5,4,3,3,5,3,3,3,4,3,3,4,1,1,2,2,5,5,5,2,1,3,2,3,5,5,3,5,4,4,4,5,5,5,5,5,5,2,1,3,inlier
33,1,0,1,15,1,3,3,3,2,3,3,3,3,3,3,3,3,3,3,3,3,3,3,3,3,3,3,2,2,2,2,3,3,3,3,3,3,2,2,4,3,4,3,2,3,3,2,3,outlier
40,1,3,1,2,1,3,3,3,5,4,3,3,4,3,3,3,4,4,4,4,2,2,3,2,4,4,5,2,3,2,2,3,3,3,3,4,2,2,3,3,2,2,5,3,4,4,2,4,inlier
29,1,4,0,5,1,3,3,2,5,3,4,4,4,3,4,3,4,4,3,4,2,3,4,2,4,4,4,1,1,2,2,3,3,4,4,5,4,3,3,4,4,3,3,2,4,4,2,5,inlier
32,1,1,1,3,1,3,3,3,4,5,3,4,4,4,4,4,3,4,4,3,1,2,2,2,4,4,4,3,1,3,3,4,3,3,3,3,3,4,4,5,5,4,3,4,4,4,1,1,inlier
35,1,0,0,7,1,3,3,3,5,5,3,4,4,3,4,4,3,3,5,3,1,2,4,3,4,5,4,1,1,2,2,3,2,5,4,5,5,3,3,5,5,5,4,2,4,4,1,1,inlier
34,1,1,1,7,1,2,2,3,5,4,4,4,3,3,3,2,1,2,3,3,1,1,3,1,3,3,3,1,1,1,1,2,1,1,1,5,4,2,1,3,3,3,2,2,2,3,1,4,inlier
38,1,0,1,13,1,3,3,2,5,5,2,4,4,3,5,3,2,2,3,2,1,4,5,4,5,5,5,1,1,3,1,4,2,4,1,5,1,2,2,5,5,5,5,3,3,3,1,1,inlier
41,1,0,1,11,1,4,4,4,5,3,5,5,5,3,3,3,3,4,4,4,1,3,2,2,4,5,5,2,1,2,2,4,2,2,2,5,5,4,3,2,5,2,4,3,4,2,1,4,inlier
31,1,1,0,5,1,5,5,5,5,5,4,5,5,4,4,4,2,4,4,4,4,2,2,4,5,5,5,4,1,4,4,5,4,2,4,4,1,4,4,3,4,3,5,5,5,5,1,2,inlier
42,1,1,0,4,1,1,1,1,5,2,4,4,3,2,2,2,4,1,1,4,1,1,3,3,3,3,4,1,1,1,1,2,1,1,3,4,4,1,1,1,3,2,1,1,2,4,1,1,inlier
33,1,1,0,8,1,5,3,3,4,5,4,4,4,3,3,3,5,5,5,4,1,4,4,4,4,4,4,3,3,3,3,4,3,3,3,4,5,4,5,5,5,5,5,2,3,3,1,3,inlier
40,1,1,1,5,1,5,5,5,5,5,4,4,5,4,4,4,1,5,5,4,4,3,3,4,5,5,5,4,2,5,2,5,1,3,2,5,3,5,5,5,5,5,5,5,5,5,1,2,inlier
31,1,1,1,5,1,4,4,4,3,5,3,5,5,4,4,3,3,5,5,4,3,4,5,3,5,5,5,2,1,3,3,4,2,3,5,4,4,3,3,5,5,4,3,5,5,5,2,3,outlier
31,1,0,0,3,1,3,3,2,4,4,4,4,3,2,2,2,4,2,3,3,1,2,4,2,4,3,4,1,2,1,2,2,2,3,2,4,3,3,2,3,3,3,2,2,2,4,2,2,inlier
30,1,5,0,2,1,3,3,4,3,3,3,4,4,3,3,3,4,4,3,3,2,4,5,4,4,4,4,2,3,3,3,4,3,3,2,5,3,3,3,4,4,4,3,4,4,4,2,2,inlier
59,1,0,1,20,1,4,4,5,5,5,4,4,4,4,3,3,1,3,4,1,3,4,5,4,4,4,4,3,5,5,5,4,3,3,3,3,3,5,4,5,1,1,4,4,5,5,3,3,outlier
46,1,0,1,6,1,4,2,2,5,5,5,2,3,2,3,3,3,1,4,2,1,2,2,2,4,5,5,2,2,2,2,2,3,3,3,4,3,2,2,3,3,2,4,2,2,2,2,3,inlier
47,1,0,1,12,1,3,3,3,4,4,4,3,4,3,3,4,3,3,4,4,3,3,4,3,4,4,4,3,3,3,3,4,3,3,3,5,4,3,3,5,4,3,3,3,4,3,3,4,inlier
46,1,0,1,20,1,3,2,4,5,5,3,4,4,4,4,4,3,4,3,2,4,3,4,4,4,4,4,4,2,4,3,4,3,4,4,4,4,4,4,4,4,4,3,4,4,4,2,4,inlier
43,1,0,1,20,1,2,4,2,4,4,3,2,2,3,3,3,5,4,3,2,1,1,2,2,4,5,5,1,2,1,1,2,2,5,4,5,1,3,3,5,3,3,5,2,3,4,1,1,inlier
52,1,1,1,22,1,4,3,3,3,4,2,4,5,3,4,2,3,3,3,2,1,2,2,2,4,5,5,2,2,2,1,3,3,3,1,4,3,3,3,5,5,4,5,4,4,4,1,3,inlier
46,1,5,1,17,1,2,2,3,5,4,4,5,4,4,4,3,2,3,1,1,4,1,3,2,5,5,5,2,1,2,3,4,2,1,4,5,4,3,3,4,2,1,3,3,4,4,1,1,inlier
35,1,0,1,12,1,3,3,5,5,5,4,5,5,4,4,3,3,4,4,5,1,3,5,3,5,4,5,3,1,3,3,3,1,4,3,5,3,3,3,4,4,4,2,4,4,4,1,4,inlier
50,1,0,1,25,1,1,1,5,5,4,3,2,3,3,3,3,1,3,3,5,2,3,3,3,4,5,5,3,3,2,2,5,2,3,4,4,4,2,3,4,3,2,4,5,5,2,2,4,inlier
40,1,0,1,13,1,5,4,5,5,4,4,5,5,3,3,3,3,3,3,2,1,2,4,4,5,4,5,1,1,3,3,4,1,4,3,3,2,3,2,2,3,2,4,2,4,4,1,4,inlier
48,1,0,0,13,1,2,3,3,4,4,1,5,4,3,3,2,1,3,1,1,2,1,3,1,5,5,5,1,1,1,1,3,3,2,3,3,3,1,2,1,1,1,1,1,3,3,1,1,inlier
46,1,0,1,12,1,4,4,4,4,4,4,3,3,3,3,3,4,4,3,3,2,3,3,2,5,4,4,2,2,2,2,3,3,3,4,3,2,4,4,4,4,4,5,4,3,2,2,4,outlier
55,1,1,1,25,1,2,2,2,4,4,4,3,2,3,3,2,3,2,2,3,1,1,2,3,4,5,5,1,2,2,2,2,2,2,1,3,3,2,2,5,4,5,4,2,3,4,1,2,inlier
47,1,5,1,9,1,2,2,2,4,4,4,5,2,3,3,2,3,2,2,3,1,3,3,3,4,3,4,1,1,1,1,2,1,1,2,5,3,2,2,5,5,5,4,1,1,2,1,1,inlier
51,1,0,1,25,1,4,2,4,4,3,3,2,4,2,3,2,2,2,3,3,3,3,4,4,4,4,5,2,2,3,3,4,2,2,1,4,3,3,3,4,4,4,4,2,3,4,2,2,inlier
49,1,0,1,24,1,2,2,3,2,3,3,3,3,3,3,3,3,3,3,3,3,3,3,3,3,3,3,3,3,3,3,3,3,3,3,3,3,3,3,3,3,3,3,3,3,3,3,3,inlier
49,1,0,0,20,1,3,3,3,3,3,3,3,3,4,4,4,3,3,3,3,3,4,4,4,4,4,4,2,3,4,4,4,1,1,1,4,4,4,4,4,4,4,3,4,4,4,1,3,inlier
44,1,5,0,19,1,3,3,3,4,4,4,4,4,3,3,2,4,3,4,4,2,2,4,3,4,4,4,2,2,2,2,3,1,1,4,4,3,3,3,4,3,3,3,3,4,3,1,4,inlier
49,0,1,0,6,1,5,5,5,5,5,5,5,5,4,5,4,4,5,3,4,5,2,3,4,5,5,5,4,1,5,5,5,5,5,4,4,3,5,5,5,5,5,5,5,5,5,1,3,inlier
46,0,3,0,4,1,2,2,2,4,3,3,3,3,2,2,2,2,1,1,2,1,1,3,1,3,3,3,1,1,1,1,1,2,2,1,3,3,1,1,1,1,1,1,1,1,2,1,2,inlier
54,0,0,0,11,1,5,5,5,5,5,5,5,5,3,3,3,3,3,4,4,5,2,2,2,5,5,5,5,5,5,5,5,1,3,3,5,5,5,5,5,5,5,5,5,5,5,1,5,inlier
47,0,0,0,5,1,4,3,4,3,4,3,4,5,2,2,2,4,3,4,3,3,3,3,2,4,4,4,2,2,3,3,4,3,4,3,4,4,3,5,4,3,3,3,3,3,4,2,3,inlier
53,0,0,0,10,1,2,2,1,2,2,2,2,2,3,3,3,3,2,2,3,3,2,2,3,2,2,2,2,3,2,3,2,2,1,2,1,2,3,3,1,3,4,1,2,2,1,2,1,outlier
45,0,4,0,12,1,4,4,4,5,4,4,4,4,3,3,3,3,3,3,3,3,3,3,3,3,3,3,3,3,3,3,3,2,3,2,3,3,3,3,3,3,3,3,3,3,3,3,3,inlier
47,0,5,0,8,1,3,3,2,5,5,4,4,4,2,2,2,2,2,4,3,2,1,2,1,3,3,4,1,2,1,1,2,1,1,2,5,5,3,3,2,2,1,1,1,2,2,1,3,inlier
43,0,0,0,7,1,5,5,5,5,4,4,5,4,4,4,4,4,4,5,3,4,4,5,5,4,5,5,3,4,5,5,4,3,3,4,5,3,4,4,4,4,4,4,4,5,5,2,4,inlier
39,0,0,0,15,1,3,2,2,4,4,2,2,3,3,3,3,3,2,2,3,2,2,4,2,4,4,3,1,1,2,2,3,1,1,2,2,2,2,3,4,4,3,4,2,3,4,1,2,inlier
51,0,1,1,5,1,4,4,4,4,4,3,3,4,4,4,3,4,3,4,3,1,3,5,3,5,4,5,2,1,1,1,4,5,2,2,5,5,3,3,2,4,2,3,2,4,2,1,5,inlier
45,0,1,0,9,1,4,4,4,4,4,3,4,2,3,3,2,2,3,3,3,3,2,1,2,5,5,5,3,3,4,3,3,2,3,2,2,2,3,4,4,4,4,4,4,4,4,2,5,inlier
45,0,2,0,6,1,4,4,3,5,4,3,4,4,3,4,4,3,3,3,3,3,4,4,4,4,4,4,2,2,3,4,4,1,4,1,4,4,4,4,4,4,4,4,3,4,4,1,2,inlier
39,0,4,0,5,1,4,3,4,4,5,3,5,5,3,4,4,4,4,3,3,1,3,2,3,5,5,3,2,1,2,2,3,1,5,3,4,4,2,2,4,3,4,4,4,4,4,1,1,inlier
40,0,2,0,12,1,4,5,4,5,5,4,3,4,5,5,4,2,4,3,4,5,4,5,4,5,5,5,3,3,4,4,5,2,3,2,4,3,4,4,5,4,3,4,4,4,4,1,3,inlier
53,0,4,0,7,1,3,4,4,4,4,3,5,4,4,5,4,3,3,3,3,3,3,4,4,4,4,5,3,2,4,4,4,2,2,2,4,3,4,4,4,4,4,3,4,4,4,1,3,inlier
51,0,4,0,5,1,3,4,5,3,3,2,4,4,3,3,2,3,2,3,3,2,2,3,3,4,4,5,2,2,2,2,4,2,2,1,4,3,2,3,2,2,2,2,2,4,4,1,3,inlier
44,0,0,0,13,1,4,4,5,5,5,4,5,4,5,5,2,2,5,4,1,5,4,3,3,5,5,5,3,3,4,4,5,3,5,3,2,1,5,5,4,3,4,4,3,5,5,3,4,outlier
52,0,1,0,10,1,3,2,3,4,3,4,2,3,4,3,2,1,5,4,3,3,2,3,2,5,5,5,2,2,2,2,4,4,4,4,5,5,3,2,3,3,3,3,2,2,2,1,5,inlier
46,0,4,0,15,1,3,3,3,4,4,3,4,4,3,4,4,4,4,3,5,2,3,3,4,5,4,4,2,3,3,3,4,3,2,2,3,3,3,3,3,3,4,3,3,4,4,1,5,inlier
43,0,5,1,20,1,2,2,1,4,3,3,2,3,2,2,2,4,1,2,3,1,1,3,1,3,4,3,1,1,1,1,2,2,2,2,3,2,1,1,1,1,1,1,1,2,3,1,1,inlier
47,0,0,0,14,1,3,2,4,5,3,3,3,3,3,3,2,5,2,3,3,1,3,4,3,4,3,4,1,2,2,2,3,2,4,3,3,3,2,2,5,5,5,3,3,3,4,1,2,inlier
43,0,0,0,16,1,5,5,5,5,5,5,4,3,4,4,4,3,4,3,3,2,2,2,2,5,5,5,3,1,4,3,4,5,5,5,5,3,3,3,3,2,2,2,4,4,4,1,5,inlier
48,0,0,0,15,1,2,3,5,5,5,3,1,4,5,5,4,3,3,3,3,5,3,3,4,5,4,5,4,1,3,3,4,1,2,1,4,3,3,5,4,4,4,3,2,2,4,1,1,inlier
44,0,1,1,20,1,3,4,4,4,4,2,5,4,4,3,3,3,3,3,3,1,2,2,2,3,2,3,1,1,3,2,4,1,1,1,3,3,3,3,3,5,3,3,2,3,1,1,1,inlier
44,0,0,0,20,1,4,4,3,5,5,4,4,4,3,4,2,3,3,2,4,1,3,4,5,5,5,5,1,1,3,3,4,2,3,3,5,4,3,3,4,4,5,3,4,4,4,2,3,inlier
41,0,0,1,15,1,4,4,4,5,4,3,4,4,3,3,3,3,4,4,3,2,1,3,3,4,5,5,4,2,3,3,4,1,2,1,3,2,3,3,4,3,4,4,4,5,5,1,2,inlier
47,0,2,1,21,1,5,5,5,5,3,4,4,4,3,4,2,2,3,4,4,4,4,4,3,4,4,4,2,2,4,4,4,4,4,4,5,3,4,4,5,5,5,5,4,4,4,1,1,inlier
42,0,0,1,17,1,5,5,5,5,5,3,5,5,4,3,2,2,3,3,3,1,3,5,3,5,5,5,2,1,4,1,4,1,3,2,4,1,3,4,3,4,4,5,5,5,5,1,1,inlier
33,0,4,0,5,1,2,3,3,4,4,4,5,4,3,3,3,1,4,1,2,2,2,3,2,3,4,4,2,2,1,1,2,1,1,2,4,4,2,2,3,3,1,3,2,3,3,1,5,inlier
41,0,0,1,14,1,4,3,4,2,4,3,4,3,4,4,4,3,4,3,3,3,3,3,4,4,4,4,3,3,3,4,4,3,3,3,3,3,4,4,3,3,4,4,5,5,5,3,3,inlier
40,0,0,1,14,1,3,4,5,5,5,2,4,4,4,5,1,4,4,3,4,5,3,2,4,5,5,5,4,1,4,4,4,4,5,5,1,2,3,5,1,3,1,3,4,4,5,1,4,outlier
46,0,4,1,23,1,2,3,4,2,5,3,3,3,3,4,2,4,3,3,4,4,3,4,2,5,4,4,4,2,3,3,3,1,2,5,2,3,2,3,2,3,2,2,4,4,4,1,2,outlier
45,0,4,1,20,1,3,3,4,4,4,3,5,5,4,4,3,2,4,3,4,2,3,4,3,4,4,4,1,1,2,3,4,1,1,1,3,2,4,4,4,5,4,5,5,4,5,1,1,inlier
43,0,4,0,15,1,3,3,3,5,5,3,4,4,3,4,3,3,3,3,3,3,2,4,3,5,5,5,1,1,3,3,3,1,1,2,3,3,3,3,4,3,3,3,4,4,5,1,2,inlier
44,0,4,0,14,1,3,3,3,5,4,3,2,4,1,2,2,5,1,3,4,1,1,5,3,5,2,5,1,2,2,2,2,2,4,2,3,1,3,2,4,3,4,3,3,3,2,1,2,inlier
56,0,4,0,3,1,1,2,2,3,3,2,3,2,3,2,2,4,2,3,4,2,1,5,3,5,5,5,1,1,1,1,3,1,2,1,4,1,2,2,5,3,3,3,2,3,3,1,1,inlier
43,0,0,1,8,1,3,3,3,3,3,3,3,3,4,4,4,3,3,3,3,2,3,3,3,3,3,5,4,4,1,1,3,1,4,1,3,3,3,3,5,3,3,3,4,4,4,1,1,inlier
41,0,0,1,10,1,4,4,4,5,4,3,4,5,3,3,3,3,4,4,3,4,2,4,3,4,4,5,2,2,4,4,4,2,3,3,5,2,4,4,4,5,4,5,3,4,4,1,3,inlier
49,0,2,1,22,1,4,4,5,5,5,3,4,3,4,4,4,2,4,4,3,4,2,3,3,4,5,5,4,1,3,3,3,1,3,3,4,2,3,5,5,5,5,5,4,4,4,1,1,inlier
47,0,2,1,19,1,3,3,3,4,4,4,4,4,3,3,3,3,3,3,3,3,2,4,2,3,3,3,3,3,3,3,3,3,3,3,3,3,3,3,3,3,3,3,3,3,3,3,3,inlier
47,0,4,1,20,1,4,4,4,5,3,4,5,5,3,4,3,2,3,3,4,2,2,4,4,4,3,4,1,1,3,3,3,2,2,2,4,3,3,3,5,4,4,4,4,4,4,1,4,inlier
48,0,0,0,4,1,3,3,2,5,5,3,3,3,2,3,3,3,3,3,3,2,2,3,4,4,4,5,3,3,2,2,4,3,3,3,5,4,3,3,3,3,3,4,2,3,3,3,3,inlier
49,0,0,0,5,1,3,3,3,4,4,3,3,4,4,4,3,5,3,3,3,1,3,4,4,3,4,3,2,1,1,2,2,5,3,3,4,4,2,2,3,4,3,3,2,3,2,1,1,inlier
46,0,0,1,11,1,5,5,5,5,5,4,4,4,4,5,4,5,4,4,5,3,3,3,3,5,3,5,2,3,4,3,4,4,3,5,5,5,4,4,5,4,3,4,3,4,5,4,5,outlier
57,0,2,0,12,1,4,5,4,5,4,4,4,4,4,4,4,5,4,4,5,3,3,4,4,4,4,5,3,3,4,3,4,4,4,3,5,5,4,4,4,4,3,4,4,4,2,3,5,inlier
43,0,0,0,12,1,4,3,4,5,5,3,4,5,4,4,4,4,4,4,5,1,3,4,3,5,4,5,2,2,3,3,4,3,3,4,5,4,3,3,4,4,4,5,3,3,4,2,4,inlier
48,0,2,1,25,1,4,5,5,4,4,2,4,4,4,4,4,2,4,4,3,3,2,3,4,5,4,5,4,4,4,4,5,2,3,2,2,1,4,4,4,4,3,4,4,4,4,1,1,inlier
45,0,5,0,12,1,3,3,3,5,5,2,4,4,3,3,2,2,3,3,3,2,2,4,2,4,4,5,1,1,3,2,3,3,3,2,4,3,3,3,5,2,4,5,1,4,4,1,1,inlier
53,0,2,0,12,1,3,2,4,4,3,3,4,3,4,4,4,3,3,2,3,2,3,4,3,3,4,5,2,1,2,1,4,2,2,1,4,4,3,2,4,3,2,3,4,3,2,1,4,inlier
43,0,5,1,18,1,2,2,2,5,4,2,4,5,3,3,2,2,2,2,3,2,2,3,2,3,4,5,2,1,2,2,3,1,2,1,3,3,2,2,4,3,3,3,3,4,5,1,1,inlier
42,0,0,1,20,1,5,5,5,5,5,4,5,5,4,4,3,3,4,4,2,1,2,2,3,5,5,5,4,4,5,3,4,1,2,1,2,1,4,4,5,4,4,5,4,5,5,2,4,inlier
39,0,4,1,14,1,4,4,5,4,4,5,5,5,4,5,3,1,4,3,5,5,2,4,4,5,5,5,2,3,5,4,5,3,3,4,4,3,5,5,3,4,3,5,5,5,5,4,2,outlier
44,0,5,0,16,1,2,2,2,5,3,3,4,3,2,2,2,4,2,3,3,1,2,2,2,3,3,3,1,1,1,1,2,2,2,3,3,3,2,2,3,3,3,3,2,3,3,1,1,inlier
39,0,4,0,7,1,3,4,5,5,5,3,5,5,5,5,5,1,5,3,3,5,3,5,3,5,5,5,3,4,5,5,4,3,2,3,4,4,5,5,4,2,2,2,4,4,4,1,2,inlier
38,0,4,1,6,1,3,4,4,5,4,4,4,3,4,4,4,4,4,4,4,2,3,4,4,5,5,5,2,2,3,3,4,2,3,3,3,3,3,3,4,4,4,4,4,4,4,2,3,inlier
43,0,4,0,7,1,4,3,3,5,5,4,4,5,4,4,4,2,2,3,2,1,3,5,3,5,5,5,1,1,3,3,4,1,2,1,4,4,2,2,2,4,4,3,3,3,4,2,1,inlier
46,0,1,0,12,1,4,3,5,5,5,4,4,5,4,3,3,2,4,4,4,2,3,4,4,5,5,5,2,2,4,4,5,4,4,2,5,5,4,4,5,5,4,4,4,5,5,2,5,inlier
39,0,0,0,4,1,4,3,4,4,4,3,3,3,3,3,3,4,4,4,4,3,3,3,4,5,5,5,2,2,3,3,4,4,4,4,3,3,3,3,3,3,3,3,2,2,3,2,4,inlier
58,0,4,0,10,1,3,3,4,5,4,5,4,4,3,3,3,3,4,4,3,2,3,5,4,5,5,5,2,3,2,2,4,4,5,4,5,5,3,3,5,4,3,3,3,4,4,2,5,inlier
41,0,0,1,15,1,4,4,3,5,5,3,5,5,4,4,2,2,2,2,2,2,2,2,2,3,2,4,2,1,2,2,3,2,2,2,2,2,2,2,2,2,2,2,3,4,4,1,3,inlier
43,0,0,0,3,1,4,4,5,4,4,4,5,5,4,4,4,3,4,4,4,3,4,5,4,5,5,5,3,3,4,4,4,2,4,4,4,4,4,4,5,4,3,5,4,5,5,2,4,inlier
38,0,0,0,9,1,2,2,3,5,5,3,4,4,4,4,3,4,3,2,2,2,2,1,3,5,5,5,1,1,2,2,4,1,3,1,4,2,2,3,4,3,5,5,4,4,4,1,1,inlier
56,0,3,0,22,1,2,2,3,4,3,2,4,4,3,2,2,4,2,3,2,1,4,4,4,4,4,5,1,1,2,1,4,2,2,1,4,4,2,2,5,3,5,5,2,3,4,1,3,inlier
46,0,1,0,10,1,3,2,2,5,5,4,3,3,3,4,4,4,3,2,3,1,2,3,2,5,5,5,1,1,2,1,3,1,1,1,5,5,1,1,3,1,1,1,1,2,5,1,1,inlier
47,0,4,0,5,1,2,2,2,5,3,4,2,4,3,4,4,4,3,2,3,1,2,4,3,5,5,5,1,1,1,1,2,4,4,4,5,5,2,1,3,1,1,1,2,1,3,1,1,inlier
37,0,0,0,2,1,5,5,5,5,5,5,5,5,2,2,2,2,2,5,5,5,5,5,5,5,5,5,5,5,5,5,5,5,5,5,5,5,5,5,5,5,5,5,5,5,5,5,5,outlier
44,0,4,0,1,1,3,4,4,4,5,4,5,5,4,5,2,3,4,4,4,4,3,5,4,4,5,5,2,4,2,2,3,2,5,4,5,4,3,4,4,3,3,3,5,5,5,4,4,outlier
63,0,2,0,1,1,3,3,3,3,3,3,3,3,3,4,3,3,3,3,3,1,3,3,3,3,3,5,1,1,3,3,5,1,4,2,5,4,5,3,4,5,5,3,2,2,1,1,4,inlier
48,0,0,0,7,1,4,4,4,5,4,5,5,5,3,4,4,3,3,3,3,2,3,3,4,4,4,5,2,2,3,3,4,3,3,3,3,3,3,3,3,3,3,3,3,4,4,2,3,inlier
68,0,0,0,18,1,5,5,5,5,5,3,5,5,3,4,5,4,3,5,3,2,3,5,5,5,5,5,3,2,4,4,5,2,4,2,5,5,5,5,5,5,5,5,5,5,5,1,3,inlier
42,0,0,1,18,1,1,1,1,5,4,3,3,4,3,4,4,3,1,1,3,1,3,5,3,4,4,4,1,1,1,1,3,1,2,1,4,3,1,1,1,1,1,1,1,4,5,1,1,inlier
49,0,2,1,20,1,1,2,1,2,2,1,2,2,1,1,1,5,1,1,1,1,2,5,3,5,5,4,1,1,2,1,2,1,1,1,4,4,1,1,5,5,5,5,2,2,4,1,1,inlier
48,0,2,1,20,1,2,3,3,5,5,3,3,3,4,4,4,3,3,3,3,3,3,4,3,5,3,3,1,1,3,3,4,1,1,1,3,3,3,2,4,4,3,5,3,2,2,1,1,inlier
40,0,0,1,15,1,3,3,4,5,4,2,3,2,3,3,2,3,3,3,2,2,3,4,3,4,4,4,2,2,4,3,4,2,2,2,2,1,3,3,5,4,5,1,2,4,4,2,2,inlier
46,0,4,1,23,1,5,5,5,5,4,3,4,5,4,4,3,2,4,3,3,5,3,3,3,5,5,5,4,2,5,5,5,5,5,5,3,4,5,5,3,1,1,1,5,5,5,3,3,outlier
55,0,3,1,20,1,5,5,5,5,5,5,5,5,5,5,5,5,5,5,5,5,5,5,5,5,5,5,5,5,5,5,5,5,5,5,5,5,5,5,5,5,5,5,5,5,5,5,5,outlier
38,0,3,1,15,1,4,3,4,5,4,5,4,5,2,4,3,3,5,5,5,3,3,2,5,4,4,5,2,2,4,3,4,1,5,1,4,3,4,4,2,2,3,3,4,4,4,1,1,inlier
44,0,0,0,7,1,4,4,4,5,3,3,4,4,3,4,3,3,2,3,3,4,2,3,3,3,4,4,3,2,3,3,2,2,2,3,4,4,3,3,4,4,5,3,3,4,3,1,5,inlier
43,0,1,0,12,1,4,4,4,5,5,3,4,4,4,3,3,4,3,3,3,2,2,4,3,5,3,5,3,1,3,3,4,2,4,1,4,2,3,4,3,3,3,3,4,5,5,1,5,inlier
46,0,5,0,7,1,3,3,3,2,5,2,3,4,3,4,2,5,2,2,2,1,2,4,3,4,4,5,2,1,2,2,2,1,5,4,4,3,2,2,5,4,5,3,2,3,4,1,2,inlier
50,0,1,0,12,1,5,3,5,3,5,3,5,4,4,4,3,1,4,4,3,3,3,5,5,5,5,5,3,5,5,5,5,5,5,3,5,5,5,5,3,5,5,5,5,5,5,1,3,outlier
37,0,4,1,12,1,5,5,5,5,5,5,5,5,4,4,4,2,4,4,2,3,3,3,4,4,2,5,3,2,4,4,4,1,1,1,4,2,4,4,3,3,3,4,4,4,4,1,2,inlier
50,0,2,0,12,1,3,2,2,4,4,3,4,4,1,2,2,3,1,2,4,1,2,4,3,4,5,5,1,1,1,3,3,2,1,2,4,2,1,1,4,2,3,1,2,4,4,2,1,inlier
44,0,1,0,12,1,5,5,5,4,4,4,5,4,4,4,3,2,5,4,5,3,3,3,2,5,5,5,3,4,5,5,5,3,5,5,3,1,5,4,5,5,5,5,4,4,4,4,5,outlier
45,0,0,0,8,1,4,4,5,4,4,3,4,4,4,3,3,3,3,3,3,3,3,4,3,4,4,5,3,3,3,3,4,3,2,3,4,3,3,4,3,3,3,3,4,4,4,2,3,inlier
57,0,0,1,22,1,4,4,5,4,4,4,2,4,3,3,3,4,4,4,4,4,3,4,3,4,4,5,5,5,5,5,4,1,1,3,1,1,5,5,5,5,5,1,5,5,1,1,5,inlier
47,0,4,0,7,1,3,4,5,4,4,2,4,3,5,5,5,3,4,3,3,4,5,3,4,5,5,5,4,2,5,5,5,2,5,5,4,2,5,4,3,4,3,3,5,5,5,2,2,inlier
53,0,1,0,5,1,3,3,3,3,3,2,3,2,4,4,4,3,4,2,2,2,3,2,3,5,5,5,3,2,3,3,5,2,4,5,4,3,3,3,1,4,4,4,4,4,4,2,2,inlier
46,0,5,0,1,1,4,4,4,5,5,5,4,4,4,4,3,5,4,4,4,3,2,2,2,4,5,5,1,1,3,3,4,5,5,5,5,5,3,3,4,2,4,4,1,3,4,1,1,inlier
48,0,0,0,5,1,4,4,4,4,4,4,4,3,3,3,3,4,3,3,3,3,3,4,4,5,5,5,3,2,3,3,4,3,4,3,5,5,4,3,4,4,4,4,3,3,3,2,3,inlier
37,0,0,0,6,1,2,4,3,4,4,3,4,4,4,5,3,2,3,4,2,2,3,2,2,4,4,4,1,1,2,2,2,3,4,1,4,3,2,2,3,2,3,4,2,3,4,2,4,inlier
56,0,0,0,12,1,2,2,3,5,5,3,2,1,2,3,2,1,3,2,1,1,1,2,2,4,5,5,2,2,3,3,3,1,3,2,4,3,2,2,2,1,1,1,2,3,4,1,1,inlier
37,0,4,0,6,1,4,4,4,4,4,4,5,5,3,3,3,2,3,3,3,2,4,4,4,4,4,4,4,1,3,4,3,2,3,2,3,3,4,3,5,5,5,5,5,4,5,2,3,inlier
31,0,0,0,4,1,2,2,3,5,4,4,5,4,2,4,1,5,3,1,2,1,1,2,2,5,5,5,1,1,1,1,1,1,3,1,2,3,1,1,4,3,4,4,2,3,4,1,1,inlier
51,0,3,1,20,1,3,3,4,5,4,5,4,5,3,3,2,2,3,3,4,2,2,5,2,5,2,5,1,1,3,3,2,5,3,1,5,3,3,3,5,4,5,5,4,4,3,3,4,outlier
45,0,0,0,17,1,3,3,3,2,4,5,3,4,3,3,2,2,3,3,4,3,2,2,2,4,4,4,2,2,2,2,3,4,4,1,4,2,3,2,2,2,2,2,2,2,2,2,2,inlier
33,0,1,1,9,1,2,2,2,5,3,4,2,3,3,3,2,4,2,2,3,1,1,1,2,5,3,5,1,1,1,1,1,3,2,4,3,1,2,2,2,2,2,2,1,2,3,1,4,outlier
34,0,4,0,9,1,4,3,4,3,4,3,4,3,2,3,2,2,2,4,4,1,2,3,1,4,4,5,1,2,3,2,3,1,2,1,5,3,3,3,4,3,3,3,2,2,3,2,5,outlier
33,0,5,0,3,1,4,4,4,4,4,4,5,5,4,4,3,3,3,3,3,3,2,2,4,4,4,5,1,2,3,4,3,3,4,1,5,5,4,4,5,4,5,5,2,4,4,1,3,inlier
37,0,1,0,6,1,4,3,5,5,5,4,4,4,5,4,4,2,4,3,4,2,3,3,5,4,4,4,3,3,3,3,4,5,4,4,4,2,3,3,4,5,5,3,2,5,5,1,3,inlier
40,0,1,1,10,1,3,3,5,4,5,4,1,2,3,3,3,5,3,3,4,1,1,1,1,3,5,5,3,1,4,1,5,5,1,1,3,3,3,3,5,5,5,5,4,4,4,1,1,inlier
34,0,4,1,10,1,4,4,5,5,5,3,4,4,4,4,3,1,4,3,2,3,4,4,3,5,1,4,3,1,4,4,4,1,1,1,3,1,3,4,2,4,1,1,4,3,2,1,1,inlier
38,0,1,0,7,1,3,4,4,4,4,3,4,4,4,4,3,4,4,4,3,1,2,3,4,5,5,5,3,3,4,4,4,2,4,3,5,3,4,4,4,4,4,4,4,4,4,2,4,inlier
34,0,2,0,3,1,3,2,2,5,5,3,4,4,3,3,3,4,2,3,3,1,4,2,4,5,5,5,1,2,2,2,2,2,2,2,5,3,2,2,4,4,5,3,2,4,4,1,2,inlier
50,0,1,1,17,1,2,3,5,5,4,4,4,3,3,3,3,3,3,4,2,2,2,2,2,4,5,5,2,2,4,3,4,1,1,3,2,2,3,4,3,2,3,2,4,5,5,5,3,inlier
39,0,0,0,10,1,3,3,3,5,5,2,5,5,3,3,4,3,3,2,2,2,4,3,3,3,4,4,1,1,3,3,2,1,1,1,5,4,3,2,5,3,5,4,2,2,5,1,2,inlier
39,0,5,1,12,1,4,3,3,4,4,2,3,3,4,4,4,3,2,2,3,2,2,3,2,4,4,4,1,1,2,3,3,3,2,2,4,2,2,2,4,3,3,3,2,3,3,1,2,inlier
40,0,5,0,16,1,3,3,2,4,2,4,3,3,2,2,2,4,2,3,2,1,2,2,2,4,4,4,1,1,1,1,2,2,4,1,1,1,1,1,1,1,1,1,1,1,2,2,1,inlier
41,0,1,1,10,1,3,3,4,3,5,4,4,3,4,4,3,2,3,2,3,3,4,4,3,3,4,4,2,2,4,4,3,2,3,2,3,3,3,3,3,3,4,4,5,5,5,3,2,inlier
39,0,4,0,10,1,3,5,4,5,4,4,4,4,3,2,3,3,3,2,3,1,4,4,3,4,4,5,2,2,4,4,4,2,2,3,3,3,3,3,4,3,4,4,5,5,5,1,4,inlier
42,0,2,1,15,1,4,5,5,5,5,4,5,4,4,4,4,1,3,3,4,2,4,3,4,3,1,4,3,2,4,3,5,2,1,2,3,3,3,3,1,1,1,1,4,2,3,2,3,inlier
36,0,4,0,12,1,4,3,4,4,3,3,3,4,4,4,3,3,3,3,3,3,3,3,3,5,4,3,4,3,3,2,4,4,5,4,1,2,3,4,4,3,2,3,2,3,4,5,1,inlier
47,0,4,1,24,1,1,2,2,4,3,4,3,3,1,2,2,3,1,1,3,2,2,4,3,4,3,5,2,1,2,2,2,1,1,4,4,4,2,2,2,2,2,2,3,2,1,1,2,inlier
51,0,4,0,8,1,3,3,4,3,3,2,3,3,4,4,4,4,4,4,2,4,4,3,3,3,3,3,3,3,3,3,3,1,1,2,4,4,2,2,2,4,4,2,3,3,3,2,1,outlier
35,0,4,1,5,1,4,4,5,5,5,5,5,5,5,5,4,2,4,5,3,1,5,5,5,5,5,5,4,2,2,2,5,1,3,3,5,5,4,4,5,2,2,2,5,5,5,1,4,inlier
52,0,4,0,5,1,5,5,5,5,3,5,4,4,3,3,2,2,3,4,4,5,4,5,5,5,5,5,4,2,5,5,5,4,5,3,5,5,4,4,5,2,2,2,5,4,4,1,3,inlier
45,0,0,0,3,1,4,3,4,4,4,3,4,4,4,4,4,4,4,4,4,2,3,3,3,5,5,5,1,1,4,4,4,2,4,4,5,3,3,3,5,3,3,3,3,4,4,1,4,outlier
36,0,5,0,3,1,4,4,3,4,5,4,5,5,4,4,4,3,2,4,4,1,3,4,4,5,5,5,2,2,3,3,4,1,2,1,5,5,5,4,4,5,5,4,4,4,4,3,5,inlier
36,0,2,0,10,1,4,4,5,4,3,3,4,4,4,4,3,4,4,3,3,2,3,3,4,4,4,4,4,4,3,3,4,2,2,1,4,2,2,4,2,3,4,2,3,4,4,2,2,inlier
39,0,0,0,4,1,4,3,4,4,4,4,5,5,4,3,4,2,4,3,3,1,3,5,3,5,5,5,2,1,4,3,4,2,3,4,5,5,4,3,5,4,3,2,3,4,4,1,3,inlier
45,0,5,1,22,1,2,2,2,3,3,3,2,3,2,2,1,5,1,2,3,1,1,3,1,4,4,4,2,2,1,1,2,4,4,2,2,1,1,1,5,3,3,5,1,2,1,1,4,inlier
46,0,3,1,10,1,5,5,5,5,5,3,5,4,4,4,4,2,4,4,3,2,2,4,4,4,2,4,3,3,4,2,4,2,3,1,4,3,4,4,4,4,4,4,4,4,4,2,4,inlier
46,0,3,1,20,1,3,3,4,5,5,3,4,5,3,3,3,3,2,3,2,1,3,4,3,5,5,5,2,2,4,4,4,1,1,1,4,4,3,3,5,5,3,4,4,4,4,1,3,inlier
41,0,4,0,13,1,3,4,3,4,4,4,5,4,3,3,3,4,3,3,3,1,3,4,3,4,4,4,3,3,4,3,5,2,5,1,3,2,4,4,4,4,3,4,4,4,2,2,3,inlier
33,0,0,0,8,1,1,2,1,3,3,3,1,2,1,3,1,5,1,1,3,1,1,4,1,4,5,4,1,1,1,1,1,3,4,2,5,5,1,1,2,4,2,5,1,1,4,1,2,inlier
50,0,0,1,25,1,3,2,5,5,5,2,3,3,4,4,4,3,4,2,3,3,3,4,3,4,3,4,5,3,4,4,5,2,2,2,4,3,4,4,3,3,3,3,5,3,2,2,3,outlier
53,0,1,0,2,1,3,4,4,4,4,3,5,4,3,4,3,3,4,3,3,4,4,3,3,5,5,5,4,3,4,4,4,3,4,3,4,4,5,5,4,3,3,3,5,5,2,3,3,inlier
41,0,0,1,15,1,4,4,5,5,3,3,4,4,3,3,3,5,3,3,3,2,3,4,3,5,5,5,2,1,2,3,5,1,1,1,3,1,3,3,2,5,3,3,4,4,4,1,1,inlier
38,0,0,0,10,1,4,4,4,5,4,2,3,4,3,3,4,3,3,3,3,2,4,3,4,4,4,5,2,3,2,2,4,3,4,2,4,5,2,3,4,4,3,3,3,3,3,1,3,inlier
56,0,0,0,15,1,5,5,5,5,2,4,3,3,4,4,2,5,3,3,3,3,2,4,4,5,5,5,2,2,4,4,4,1,3,4,5,4,4,4,4,4,4,4,4,4,4,2,3,inlier
45,0,0,0,10,1,5,4,5,4,5,5,5,5,4,5,3,3,5,4,4,3,2,1,3,5,4,4,3,3,4,4,5,4,5,4,4,1,4,4,4,3,3,5,4,5,5,3,3,outlier
42,0,4,0,8,1,3,3,3,5,4,2,5,4,2,2,3,3,1,3,3,1,2,4,4,5,5,5,3,3,3,2,4,1,1,2,3,3,2,1,2,2,2,2,3,4,4,1,2,inlier
45,0,0,0,15,1,3,3,2,4,4,3,4,4,3,3,3,4,2,3,2,2,2,3,3,3,3,4,2,2,2,2,4,3,4,3,4,4,3,3,4,4,4,4,2,3,3,2,2,inlier
42,0,0,1,18,1,5,5,5,5,5,3,4,3,4,4,4,3,3,3,3,4,2,3,3,4,2,3,3,2,4,4,3,1,1,2,5,3,4,4,3,3,3,3,2,3,2,1,1,inlier
49,0,0,0,16,1,3,4,3,4,4,3,3,3,3,3,3,4,2,3,3,1,2,3,3,4,4,4,2,1,4,4,4,3,2,1,4,4,3,3,4,4,4,3,3,3,3,1,3,inlier
48,0,5,0,10,1,2,2,2,4,5,1,2,3,2,3,3,2,2,2,2,1,1,3,1,3,3,3,2,2,2,1,3,2,1,1,4,4,2,1,2,2,2,1,1,2,1,1,1,inlier
35,0,0,1,11,1,3,3,3,5,4,3,4,4,4,4,3,2,3,2,3,1,3,5,3,4,5,5,1,2,3,3,4,1,2,1,4,1,3,3,4,4,3,4,2,4,3,1,4,inlier
32,0,0,1,6,1,3,2,3,3,5,4,4,4,3,3,4,5,3,4,4,3,4,3,2,4,5,4,2,4,3,3,2,5,5,4,5,4,4,4,4,3,4,4,3,2,4,2,5,outlier
43,0,4,0,10,1,3,3,4,3,3,3,4,4,2,3,2,5,2,3,3,1,2,3,3,5,5,5,3,2,4,3,2,2,2,2,2,2,3,3,3,3,3,3,3,2,4,2,3,outlier
43,0,2,1,5,1,2,4,3,4,4,2,3,4,3,4,3,2,4,4,2,3,4,3,2,5,5,5,4,4,5,5,4,2,5,4,4,3,4,4,4,3,2,4,4,3,3,1,4,inlier
32,0,0,0,3,1,5,5,5,3,5,4,5,4,4,4,5,5,3,5,3,1,3,4,2,5,5,5,5,5,4,4,4,5,5,5,3,1,5,5,4,1,3,5,5,5,5,5,1,outlier
38,0,0,1,4,1,2,2,2,5,4,5,4,4,2,3,3,5,1,1,2,1,2,2,4,5,5,5,1,1,2,2,3,3,5,4,2,2,2,2,2,2,2,2,2,5,5,3,2,outlier
33,0,4,0,12,1,2,2,3,3,3,3,3,3,2,2,2,2,2,2,2,1,2,2,2,2,2,2,2,1,1,1,2,1,2,1,2,2,1,2,1,1,1,1,1,1,1,1,1,inlier
46,0,0,0,10,1,2,2,3,5,4,3,4,3,3,3,4,5,3,2,3,2,3,4,3,4,4,4,1,1,2,2,3,2,2,2,3,3,3,3,2,3,2,2,2,4,4,1,2,inlier
56,0,0,0,10,1,2,3,3,5,4,3,4,3,3,3,3,3,2,2,1,1,2,4,2,4,4,4,1,1,1,2,3,2,4,2,4,4,2,2,4,3,4,4,2,2,3,1,1,inlier
42,0,0,1,14,1,4,4,3,5,4,3,4,4,4,3,3,4,3,3,1,1,3,5,3,5,3,5,2,1,4,3,4,1,1,2,2,2,3,2,3,3,2,1,3,3,5,1,1,inlier
42,0,4,1,14,1,2,3,3,5,4,2,4,3,4,4,3,2,4,3,3,2,2,4,1,5,4,4,2,2,3,2,3,1,2,2,4,3,2,2,4,3,3,4,4,3,4,2,2,inlier
46,0,2,1,22,1,3,4,4,5,4,3,4,4,5,5,5,2,5,2,3,2,5,5,4,5,5,5,1,1,3,4,5,1,1,2,5,4,4,4,2,5,5,3,4,3,3,1,2,inlier
47,0,4,1,23,1,3,3,3,4,4,4,3,3,3,3,3,3,3,4,2,2,2,3,2,4,3,3,1,1,3,3,3,2,2,3,2,1,2,3,4,4,3,4,2,4,3,1,1,inlier
55,0,1,0,20,1,4,3,4,5,4,5,4,4,3,4,3,3,4,3,3,1,2,3,4,4,4,5,3,3,3,4,4,1,2,2,4,3,3,3,3,3,3,3,3,4,4,1,5,inlier
59,0,5,0,15,1,3,3,3,3,3,1,3,3,2,2,2,3,3,3,3,1,1,1,2,2,2,5,1,3,2,1,2,1,1,1,3,2,2,2,3,3,5,4,1,1,2,1,2,inlier
34,0,0,0,4,1,2,4,4,4,4,4,4,4,2,2,2,1,4,4,2,4,1,2,2,5,4,5,1,1,2,2,4,5,5,4,5,5,3,4,2,5,5,5,2,4,4,1,2,inlier
39,0,4,0,3,1,5,5,5,5,5,5,5,5,4,3,2,4,4,3,2,5,2,5,3,5,5,5,5,1,4,4,4,1,1,1,3,3,5,5,4,4,4,5,5,5,5,5,2,outlier
49,0,4,1,21,1,4,4,4,4,4,4,4,4,4,4,4,3,4,4,3,4,3,3,3,4,5,5,3,3,4,4,4,5,5,5,4,4,4,4,2,2,2,5,4,4,4,3,4,inlier
36,0,0,1,9,1,4,4,4,5,4,3,3,3,4,4,2,2,3,2,2,2,2,4,3,4,5,4,2,2,4,2,4,3,3,2,4,3,4,4,4,4,3,3,3,3,2,1,2,inlier
33,0,4,0,2,1,3,3,4,3,3,3,4,3,3,3,3,2,3,3,2,2,4,3,3,4,3,3,1,1,3,2,3,2,1,1,4,2,2,3,3,3,3,3,3,3,3,1,1,inlier
49,0,5,0,8,1,3,4,3,4,3,2,4,3,3,3,2,4,2,3,2,2,2,3,3,3,4,4,2,1,2,2,3,2,2,2,4,4,3,3,4,4,3,3,3,3,4,1,2,inlier
47,0,4,1,24,1,2,2,2,4,4,4,2,3,3,3,2,4,2,1,3,1,1,2,1,3,1,4,1,1,1,1,1,3,3,1,3,4,2,1,4,2,2,2,1,3,3,1,2,inlier
40,0,0,1,15,1,5,4,5,5,5,5,5,5,5,5,5,3,4,5,5,1,3,1,2,5,5,5,1,1,1,1,5,1,2,5,2,1,3,3,4,2,2,2,2,4,5,1,1,inlier
40,0,0,1,18,1,3,3,3,5,4,5,4,4,4,4,3,3,3,3,5,1,3,4,3,4,4,5,1,1,1,1,3,1,2,5,5,4,3,3,4,2,2,2,4,4,4,1,1,inlier
38,0,5,0,10,1,3,3,3,4,4,3,3,3,4,4,4,3,3,3,3,1,3,3,3,4,4,4,1,1,2,2,3,1,2,1,4,3,3,3,4,4,4,4,2,2,2,1,1,inlier
44,0,5,0,12,1,2,3,1,3,2,5,4,3,2,5,4,5,5,5,3,1,1,2,1,4,5,3,1,1,1,1,1,1,1,2,4,2,1,1,5,4,3,3,1,2,3,1,1,inlier
36,0,5,0,8,1,3,3,3,5,3,2,4,5,5,5,4,2,4,4,4,1,3,3,2,5,5,5,1,1,2,2,4,1,1,1,4,3,4,3,5,4,4,4,3,3,3,1,2,inlier
40,0,1,0,8,1,2,2,3,3,3,3,4,3,3,3,2,3,3,4,4,2,2,4,2,4,5,5,2,1,2,2,2,2,3,2,4,3,3,3,5,5,5,5,4,4,4,1,3,inlier
40,0,4,0,13,1,4,3,4,3,3,4,3,3,4,4,4,3,3,3,4,3,3,3,3,3,3,3,3,3,3,3,4,3,3,3,2,2,3,3,4,4,4,4,3,4,4,3,2,inlier
37,0,4,0,8,1,3,2,3,4,4,4,2,3,3,2,3,3,3,4,3,2,4,4,4,4,4,5,3,2,3,3,4,2,5,4,3,3,3,4,4,2,2,2,3,4,2,2,4,inlier
41,0,0,0,12,1,3,4,4,5,5,3,4,3,2,3,2,3,2,3,3,1,3,3,3,5,4,4,2,1,3,3,4,1,2,1,3,1,2,3,4,2,5,3,3,4,4,1,1,inlier
44,0,5,1,16,1,4,3,3,3,5,4,5,5,3,3,3,4,4,3,4,1,1,2,1,4,4,4,1,1,1,1,3,1,1,1,1,1,1,1,3,2,2,5,1,3,4,1,1,inlier
63,0,0,1,35,1,2,3,3,4,4,2,3,3,3,3,2,3,3,2,2,1,2,4,3,4,4,4,2,1,3,2,3,1,3,4,4,4,3,3,3,4,3,5,3,3,3,1,2,inlier
38,0,5,1,35,1,4,4,4,5,5,2,5,5,4,4,4,4,4,4,4,1,3,2,4,4,4,4,1,2,2,1,4,1,1,1,4,4,2,2,3,2,4,5,3,5,5,1,2,inlier
54,0,1,1,7,1,3,4,4,4,4,4,5,4,3,3,2,2,3,3,3,1,2,2,4,3,4,4,2,1,3,2,4,1,2,1,5,5,3,3,4,4,4,4,4,5,5,1,1,inlier
36,0,0,0,6,1,5,3,4,5,4,3,5,4,4,5,4,2,5,3,4,4,2,2,3,5,5,5,3,1,4,5,4,5,5,5,3,2,4,5,3,3,4,2,5,5,5,2,1,inlier
46,0,0,0,12,1,4,4,5,5,4,4,4,4,4,4,4,2,3,4,4,4,3,4,4,4,4,4,2,4,4,4,4,4,4,2,5,5,4,4,5,5,5,5,3,4,5,1,4,inlier
42,0,0,1,18,1,3,3,5,5,5,3,4,4,4,4,4,3,4,3,3,3,3,3,3,5,5,5,1,1,3,2,3,1,3,2,4,2,3,3,4,4,4,4,5,4,4,1,3,inlier
45,0,5,1,15,1,4,3,3,5,4,3,4,4,3,3,3,5,2,2,3,2,1,2,1,3,3,3,1,1,2,2,3,2,2,2,2,1,1,3,3,3,3,3,3,1,5,1,1,inlier
43,0,0,0,9,1,4,3,3,4,4,3,4,3,4,4,3,5,4,3,3,1,3,4,3,5,4,5,2,1,2,1,3,1,2,1,4,4,2,2,4,5,5,4,2,2,4,1,2,inlier
47,0,5,0,9,1,2,2,2,3,3,3,3,3,2,3,2,5,3,2,2,2,2,4,2,3,4,4,1,1,2,2,2,4,4,3,3,4,2,2,5,5,5,3,2,2,4,1,2,inlier
45,0,1,0,4,1,3,2,2,4,4,3,4,4,2,3,3,4,1,1,2,1,2,4,2,3,5,5,2,2,1,1,2,1,2,2,4,2,1,2,3,3,3,3,3,4,4,1,4,inlier
41,0,1,1,11,1,4,3,3,5,5,4,5,5,2,3,3,3,2,4,3,1,2,3,4,5,5,4,2,1,2,2,3,1,3,2,4,3,3,3,4,4,3,2,4,5,5,1,1,inlier
39,0,4,0,9,1,4,4,5,4,4,3,5,5,4,4,3,3,4,3,3,3,4,5,5,5,5,5,4,1,5,5,5,4,3,1,5,5,5,5,4,5,5,4,5,5,5,1,4,inlier
37,0,0,0,3,1,3,3,3,3,3,3,3,3,3,3,3,3,3,3,3,3,3,3,3,3,5,4,3,3,3,3,3,3,3,3,3,3,3,3,3,4,3,3,3,3,3,3,4,inlier
40,0,1,1,12,1,2,3,2,2,3,4,4,4,2,3,4,5,3,4,3,2,4,4,4,2,2,2,2,3,2,1,3,1,1,1,3,4,2,2,3,3,3,3,3,2,4,3,2,inlier
69,0,4,0,10,1,3,3,3,3,3,3,3,3,3,3,3,3,3,3,3,3,3,3,3,3,3,3,3,3,3,3,3,3,3,3,4,4,3,3,3,4,3,4,3,3,3,3,3,inlier
38,0,4,0,4,1,2,3,3,4,4,4,5,5,3,4,4,3,4,3,4,5,3,2,3,5,5,5,3,1,3,3,5,5,3,5,3,3,3,5,5,3,5,3,5,5,3,1,5,inlier
30,0,0,1,6,1,4,3,4,5,5,5,5,5,4,4,3,3,2,3,3,1,2,2,4,5,5,5,1,1,3,4,4,5,5,5,4,5,3,3,5,5,5,5,5,5,5,4,5,inlier
34,0,4,1,10,1,5,4,5,5,5,4,5,4,3,4,4,2,2,2,5,1,5,5,5,5,5,5,5,4,5,5,5,5,5,5,3,3,5,5,3,4,4,3,5,5,3,4,5,outlier
51,0,4,1,23,1,3,3,2,4,3,4,4,4,4,3,2,3,4,2,5,3,3,3,3,5,5,5,2,2,3,3,3,4,4,4,4,4,3,3,5,4,3,4,3,4,3,1,4,inlier
44,0,0,0,10,1,2,3,2,2,2,3,3,2,1,1,1,1,2,3,2,1,1,1,1,5,4,4,1,2,1,1,1,4,5,3,5,1,3,1,5,5,5,5,3,3,3,2,1,inlier
44,0,0,1,13,1,2,2,2,4,3,3,2,2,4,4,3,4,3,2,2,1,1,2,2,4,3,4,1,1,2,1,2,1,3,1,1,1,2,2,5,5,5,5,1,2,2,1,1,inlier
41,0,3,0,10,1,3,4,3,5,5,3,4,4,4,4,4,3,3,4,2,2,4,4,4,4,3,5,2,4,4,4,4,1,2,2,4,5,3,3,4,2,5,3,2,3,3,1,3,outlier
41,0,1,0,6,1,2,2,3,5,5,5,3,5,2,3,3,3,3,4,4,1,2,2,2,5,4,5,1,1,1,1,2,3,4,4,4,4,1,2,5,3,3,4,2,2,3,1,4,inlier
47,0,0,0,7,1,4,3,4,5,5,4,5,4,3,4,4,2,3,3,3,4,3,4,3,4,4,5,3,2,4,4,3,2,2,2,5,5,3,3,5,2,2,3,3,4,4,2,3,outlier
34,0,4,1,12,1,5,5,3,4,4,5,5,4,3,3,3,4,4,4,4,1,4,4,4,5,5,5,2,2,2,1,5,2,3,1,3,1,2,2,4,3,3,4,4,4,4,2,1,inlier
41,0,2,0,3,1,2,2,2,3,4,4,4,4,2,2,2,3,2,2,2,2,2,3,2,3,3,3,2,2,2,2,3,2,2,3,4,3,2,2,3,2,2,3,2,2,2,2,2,inlier
42,0,0,1,14,1,2,2,2,4,4,4,3,3,2,2,2,1,3,2,2,1,1,1,2,5,5,5,1,2,2,2,2,3,3,2,1,1,2,2,5,3,2,4,2,4,5,3,3,inlier
42,0,2,0,6,1,5,4,4,5,5,3,4,4,4,4,4,2,4,4,3,4,4,5,4,5,5,5,4,3,4,4,5,2,2,1,5,3,5,4,4,4,4,4,4,4,4,1,4,inlier
39,0,4,0,12,1,4,4,4,5,4,3,4,4,3,3,3,3,3,3,3,3,3,3,3,3,3,3,3,3,3,3,3,4,4,4,3,3,3,3,3,3,3,3,4,4,3,3,4,outlier
51,0,0,1,27,1,3,4,4,5,4,3,3,3,4,4,3,3,3,3,3,2,2,4,3,4,4,4,1,1,2,2,4,2,2,2,4,4,3,3,2,3,2,4,1,1,2,1,1,inlier
39,0,5,0,3,1,5,5,5,5,5,5,5,5,4,5,4,4,5,5,5,5,5,5,5,5,5,5,4,4,5,5,5,5,5,5,5,5,5,5,5,2,5,4,3,4,5,2,4,inlier
33,0,3,1,4,1,3,4,5,4,4,3,5,5,4,4,2,4,4,3,3,1,3,2,3,4,3,4,3,1,4,4,4,4,3,1,2,1,3,3,5,3,3,4,4,5,5,1,2,inlier
55,0,1,0,3,1,5,5,5,5,5,3,5,5,4,4,4,2,5,5,4,3,4,5,5,5,5,5,3,3,4,4,5,1,2,1,2,1,4,4,3,3,3,3,5,5,5,1,3,inlier
24,0,4,0,3,1,2,2,3,5,4,4,4,4,3,3,2,4,3,2,3,3,3,4,2,5,5,5,2,1,2,2,2,1,2,5,2,2,2,2,4,2,2,4,4,4,4,1,4,inlier
63,0,0,1,10,1,3,2,2,3,3,3,4,3,2,2,2,5,1,2,3,1,2,1,2,4,4,4,1,1,1,2,3,1,2,2,2,1,2,2,3,3,3,4,1,3,3,1,2,inlier
53,0,1,1,10,1,5,5,5,5,5,5,5,5,5,4,4,3,4,4,2,2,2,4,3,5,5,5,3,3,4,4,3,4,5,4,5,4,4,4,5,4,5,5,4,4,4,4,4,outlier
52,0,0,0,7,1,1,1,1,4,2,5,3,1,1,3,2,3,1,1,3,1,2,1,3,4,4,4,1,1,1,1,1,2,4,1,3,3,1,1,4,2,1,2,1,1,3,1,1,inlier
44,0,0,0,18,1,4,4,5,4,4,3,4,5,4,4,3,3,5,4,5,5,3,4,3,5,5,5,3,2,4,4,5,3,4,3,5,3,4,5,4,3,3,4,4,3,3,1,5,inlier
48,0,5,0,8,1,3,3,3,5,4,3,3,4,3,4,3,4,3,3,3,2,3,4,3,4,4,4,2,2,2,2,3,3,3,2,4,4,3,3,4,3,4,4,2,3,4,2,2,outlier
43,0,0,0,20,1,2,2,2,4,3,2,3,3,3,3,3,4,2,1,3,1,2,4,1,4,2,3,1,1,1,1,1,3,2,4,3,1,1,1,2,4,1,2,1,3,4,1,1,inlier
42,0,4,1,10,1,4,5,4,4,5,3,4,5,4,3,4,2,3,3,3,5,3,4,4,5,4,5,4,4,4,3,5,4,4,2,3,1,1,1,3,2,2,4,5,4,5,2,2,outlier
41,0,0,0,10,1,4,4,4,5,5,5,4,5,4,4,4,2,3,4,3,3,2,4,4,5,5,5,3,4,3,4,4,3,5,4,5,3,4,4,5,4,5,5,5,5,5,2,5,inlier
37,0,0,1,7,1,3,4,2,5,4,5,5,5,1,2,2,5,1,4,5,1,1,1,3,5,5,5,1,2,1,1,1,4,5,5,5,3,3,3,5,4,4,5,2,4,4,3,2,inlier
41,0,0,1,8,1,3,3,4,5,5,2,5,4,4,5,4,2,4,3,2,2,2,3,1,4,4,4,3,3,3,3,3,2,3,2,5,3,3,3,3,4,3,2,3,3,3,2,3,inlier
41,0,0,1,5,1,3,3,3,5,4,4,5,5,3,2,2,3,3,3,3,1,3,3,3,4,4,5,3,3,3,2,4,2,4,2,3,3,3,2,4,3,2,2,3,3,4,4,2,inlier
42,0,2,1,5,1,2,2,1,3,2,2,3,2,1,1,1,4,1,2,2,1,1,1,1,2,1,2,1,1,1,1,1,1,1,2,2,1,1,1,1,1,1,1,1,1,1,1,1,inlier
48,0,5,0,2,1,3,3,3,5,5,4,4,4,3,2,2,4,3,3,4,1,2,2,3,5,5,5,1,1,3,3,3,1,4,1,5,3,3,3,5,5,5,5,3,3,4,1,3,inlier
35,0,4,0,5,1,2,4,4,4,4,4,4,3,3,4,4,3,4,4,3,3,4,4,3,4,5,4,2,2,4,4,4,2,2,2,3,3,4,4,4,3,4,4,4,4,4,2,4,inlier
35,0,2,0,10,1,4,4,5,4,4,4,4,4,3,4,3,2,4,4,4,3,3,4,4,5,5,5,4,3,4,4,4,4,4,5,4,3,4,4,4,4,3,4,5,5,5,3,5,outlier
38,0,1,0,3,1,3,2,4,5,5,5,5,5,4,4,3,3,3,3,2,1,3,3,4,5,5,5,2,1,3,1,3,5,5,3,3,4,2,4,4,4,4,3,3,5,4,2,1,inlier
28,0,4,0,1,1,1,3,2,5,5,5,2,5,2,2,3,3,1,3,3,2,2,5,3,5,4,4,2,2,3,3,3,2,3,1,4,3,3,3,4,4,4,4,2,3,4,2,2,inlier
35,0,0,0,4,1,3,3,3,4,4,4,5,5,4,4,4,3,3,4,5,3,2,2,2,5,5,5,2,1,2,2,3,5,5,4,3,1,4,4,3,3,3,4,4,4,4,2,1,outlier
36,0,3,1,8,1,3,2,2,3,4,4,3,3,3,3,1,4,2,2,3,1,1,3,2,4,4,4,1,1,2,2,2,1,2,1,3,2,1,1,3,3,3,2,3,4,2,1,1,inlier
46,0,2,1,23,1,4,3,4,4,4,4,4,4,4,4,4,2,2,2,3,1,1,3,1,3,3,4,1,1,3,2,4,1,1,3,2,2,2,2,5,5,5,5,1,3,4,1,1,inlier
47,0,5,0,7,1,2,2,2,4,4,4,3,3,3,3,3,4,2,2,2,1,3,4,2,3,2,4,1,1,1,1,2,2,2,2,4,3,2,3,3,4,3,3,2,2,3,1,5,inlier
36,0,2,0,4,1,3,3,3,5,4,3,5,5,4,5,2,3,4,3,3,3,3,3,3,5,5,5,2,1,3,4,4,5,5,5,3,3,4,4,5,5,5,5,2,2,4,1,3,inlier
34,0,0,0,3,1,5,5,5,5,5,3,5,5,4,5,2,3,4,3,3,2,2,3,3,5,5,5,4,2,3,3,4,3,3,2,4,4,4,5,5,5,4,5,5,5,5,3,1,outlier
43,0,1,0,7,1,2,3,4,5,5,5,4,5,4,4,4,4,5,3,4,4,3,4,5,5,5,5,4,4,4,4,4,3,3,3,5,5,4,4,5,3,5,3,4,5,5,3,2,outlier
30,0,0,0,2,1,3,4,3,1,2,3,1,2,4,4,4,4,5,3,4,4,3,3,3,1,1,1,5,5,4,4,4,4,2,4,4,4,3,4,1,1,1,1,2,2,2,5,2,inlier
32,0,0,1,6,1,4,3,4,5,4,4,2,4,4,3,3,2,4,3,2,2,1,2,2,4,5,5,4,2,3,4,4,3,4,4,4,5,4,4,3,4,4,5,4,4,5,3,2,inlier
34,0,0,0,6,1,3,4,5,4,4,3,4,4,4,4,3,3,4,4,4,3,3,4,3,5,5,5,3,4,5,5,5,1,4,1,2,3,5,4,3,3,4,4,3,3,4,1,4,outlier
38,0,4,1,12,1,5,5,5,5,5,3,5,5,5,5,4,3,4,3,3,1,4,5,4,5,5,5,3,1,5,3,5,1,2,2,4,2,4,4,4,4,4,5,3,5,5,1,4,inlier
42,0,0,0,5,1,2,2,3,4,4,2,5,4,2,2,3,5,1,3,2,3,2,3,3,3,3,4,2,2,2,2,4,2,5,2,4,4,3,3,3,3,4,4,3,4,4,1,4,inlier
44,0,1,0,15,1,5,3,5,5,5,5,5,5,4,4,2,5,3,3,3,1,3,3,3,5,5,5,3,5,5,5,5,5,5,3,5,3,5,5,5,5,5,3,5,5,5,3,5,inlier
33,0,0,0,6,1,1,1,2,5,5,3,1,3,3,3,2,3,3,1,1,1,3,4,4,5,5,5,1,1,1,1,1,5,5,5,5,1,1,1,1,1,1,1,1,3,5,1,5,inlier
42,0,1,1,18,1,2,2,4,5,4,4,4,4,4,3,3,4,2,3,3,1,2,1,2,5,3,5,1,1,2,3,4,5,5,4,2,4,4,3,3,2,2,2,4,5,3,4,1,inlier
36,0,0,1,8,1,2,3,2,5,4,3,4,4,3,3,4,2,3,3,2,2,1,4,2,5,4,5,2,1,2,1,3,1,3,2,4,4,1,2,4,2,3,4,2,4,5,1,2,inlier
43,0,0,1,10,1,2,3,3,4,5,3,4,4,3,3,3,2,3,2,3,1,2,4,3,5,5,4,2,2,2,2,2,4,4,4,4,4,3,3,4,3,2,4,4,5,5,1,3,inlier
45,0,0,0,6,1,3,3,4,5,5,5,4,4,4,5,3,2,4,4,4,2,2,3,2,5,5,5,3,3,3,3,4,5,5,5,4,4,4,4,4,3,5,5,4,5,5,1,3,inlier
38,0,0,0,8,1,4,4,4,4,4,3,4,4,3,3,3,4,3,3,3,2,2,4,3,4,3,5,2,3,3,3,3,2,2,2,4,4,3,4,4,4,3,3,3,4,5,1,3,inlier
48,0,1,0,4,1,4,4,4,5,4,4,4,5,3,5,4,4,4,4,5,4,3,1,2,5,5,5,3,4,5,5,3,4,5,5,4,4,3,4,4,4,3,3,4,4,4,3,4,outlier
57,0,4,0,6,1,4,4,3,5,4,3,4,4,4,3,4,2,3,3,3,1,3,3,3,4,4,5,1,2,2,2,4,2,2,1,4,3,3,2,1,4,3,2,4,5,3,1,1,inlier
48,0,2,1,26,1,3,3,4,5,5,3,4,4,4,4,3,3,4,3,3,1,3,4,3,5,5,4,2,1,4,3,4,1,3,2,3,3,4,3,4,4,4,3,4,4,5,1,1,inlier
34,0,0,1,12,1,1,2,2,5,3,3,2,2,1,1,1,2,1,2,2,1,1,4,1,4,5,4,1,1,1,1,1,4,5,5,5,3,1,1,3,1,2,2,1,1,4,1,1,inlier
50,0,5,1,25,1,4,3,5,5,4,4,4,4,2,3,2,2,2,3,4,1,1,3,1,3,2,5,2,1,2,2,4,1,3,2,2,1,3,3,3,2,2,4,3,2,3,1,4,inlier
36,0,1,0,11,1,3,4,5,5,4,4,5,5,4,4,2,5,4,3,4,1,3,4,4,5,5,5,2,3,4,4,5,2,3,1,4,4,4,4,2,2,4,4,4,5,5,3,2,outlier
36,0,3,1,7,1,2,1,3,5,3,4,3,3,2,3,2,5,2,1,3,1,1,4,3,4,2,4,2,1,1,1,1,2,2,3,4,3,1,2,1,1,2,1,1,1,2,1,1,inlier
29,0,4,0,1,1,5,4,5,4,5,4,4,4,4,5,4,4,3,3,3,4,4,4,4,5,5,5,3,3,3,3,4,4,3,3,5,3,3,4,4,3,3,3,3,4,4,3,2,outlier
33,0,5,1,6,1,3,4,3,4,4,5,5,5,3,3,3,3,3,4,3,3,1,5,1,5,5,5,2,2,3,1,4,4,4,3,5,5,5,5,5,3,5,5,2,4,4,1,3,inlier
50,0,0,1,25,1,4,4,4,4,4,4,3,4,3,3,3,3,3,3,3,3,2,2,3,3,5,5,3,5,4,3,4,5,3,5,5,5,4,4,5,5,5,5,4,4,1,1,3,inlier
44,0,0,1,10,1,2,2,2,5,3,3,2,5,3,3,3,5,3,3,3,1,1,3,3,5,5,5,1,1,1,1,1,1,3,2,5,5,3,2,3,3,2,2,1,3,4,1,4,inlier
47,0,0,0,10,1,3,3,3,5,4,4,4,4,3,3,3,4,3,3,3,3,3,3,3,3,3,3,2,1,3,3,3,3,3,3,3,3,3,3,4,4,4,4,1,2,3,2,1,inlier
49,0,0,0,4,1,2,2,3,4,4,3,3,4,4,3,3,4,3,4,3,2,2,4,3,5,5,5,2,1,1,2,2,2,3,1,4,4,2,2,3,4,4,4,2,4,4,1,4,inlier
39,0,5,1,10,1,4,4,3,4,3,2,4,3,2,3,2,3,3,3,3,1,2,2,2,4,4,4,3,4,2,2,4,1,4,4,3,5,3,3,4,2,3,5,3,3,3,2,3,outlier
60,0,0,0,7,1,3,3,4,3,3,2,3,3,2,2,2,4,2,2,2,2,5,4,2,2,2,4,1,1,2,2,2,1,2,2,5,5,4,4,3,3,3,3,2,2,2,1,1,inlier
56,0,4,0,4,1,4,3,4,3,2,2,3,3,4,4,3,3,4,3,3,4,4,5,4,5,5,5,2,2,4,4,5,2,4,3,5,5,5,5,4,4,3,3,4,4,2,1,4,inlier
46,0,5,0,20,1,3,2,2,3,3,3,3,3,4,3,3,3,4,3,3,3,4,3,3,2,3,3,3,3,4,3,2,4,4,4,2,2,3,3,3,3,2,3,3,2,3,2,3,inlier
41,0,0,1,12,1,4,4,4,4,4,4,4,4,3,3,3,4,3,4,4,3,3,4,3,5,5,5,3,2,3,3,4,5,5,5,3,2,3,3,4,4,4,4,4,4,5,3,2,inlier
45,0,4,1,18,1,3,2,3,3,3,3,2,2,3,4,2,2,2,1,2,2,2,4,2,2,2,3,3,1,3,2,2,1,1,1,2,1,1,1,1,2,3,2,3,2,2,1,1,inlier
28,0,4,0,4,1,5,5,5,3,5,5,5,5,5,5,5,1,5,5,5,1,5,5,5,5,5,5,5,5,5,5,5,5,5,5,5,1,5,5,5,5,5,5,5,5,5,1,1,inlier
49,0,1,1,5,1,2,3,3,4,4,4,3,2,3,3,3,3,2,2,2,1,2,4,2,4,3,4,2,5,2,2,2,2,1,2,4,3,2,2,3,3,3,2,3,3,2,1,2,inlier
39,0,1,1,6,1,1,1,2,5,3,3,2,3,2,2,2,5,1,3,3,1,3,1,3,5,5,5,1,2,2,1,3,1,1,3,5,5,2,1,5,3,5,5,2,1,3,1,2,inlier
37,0,4,0,5,1,5,5,5,5,5,5,5,5,5,5,5,5,5,5,5,5,5,5,5,5,5,5,5,5,5,5,5,5,5,5,5,5,5,5,5,5,5,5,5,5,5,5,5,outlier
54,0,0,0,3,1,5,3,4,3,4,1,2,2,1,2,3,4,1,3,4,1,2,2,2,4,2,5,1,2,2,2,3,3,4,1,2,2,2,2,5,3,5,5,4,4,4,2,2,outlier
46,0,0,1,7,1,5,5,5,5,2,1,2,3,2,2,2,5,3,4,1,1,1,2,2,5,5,5,2,1,3,2,1,1,1,3,5,1,3,1,1,1,3,3,3,2,5,1,1,inlier
46,0,0,1,10,1,1,2,3,5,3,5,4,3,3,3,2,4,3,2,3,1,4,5,3,5,5,5,1,1,2,2,3,1,2,4,5,5,2,2,2,2,3,2,2,4,3,3,2,inlier
41,0,4,0,5,1,4,4,5,4,4,3,4,4,3,3,3,2,3,3,3,5,3,2,3,4,4,4,4,3,4,4,4,1,3,4,5,3,4,4,4,4,4,5,5,4,4,1,1,inlier
35,0,0,1,5,1,2,2,2,4,4,3,4,3,4,4,2,4,3,2,3,1,3,2,3,4,4,4,2,1,1,2,4,2,2,2,1,1,2,4,4,3,4,4,2,3,4,1,1,inlier
38,0,0,1,12,1,3,4,3,4,4,3,3,3,3,3,2,1,2,3,3,1,2,2,3,2,3,4,1,2,3,3,3,1,1,1,2,1,2,2,4,3,3,5,2,2,4,1,2,inlier
28,0,0,0,5,1,4,4,4,4,4,4,4,4,4,4,4,4,4,4,4,4,4,4,4,4,4,4,4,4,4,4,4,4,4,4,4,4,4,4,4,4,4,4,4,4,4,4,4,inlier
49,0,0,0,1,1,3,4,2,3,2,4,4,3,3,3,2,2,2,3,2,2,2,2,2,3,3,3,3,3,3,3,3,2,2,2,5,4,3,3,5,4,4,4,3,3,4,2,2,inlier
42,0,1,0,8,1,4,3,4,5,5,4,5,4,4,4,3,4,3,4,3,3,3,4,4,5,5,5,3,2,4,3,4,3,4,4,5,5,4,4,5,2,3,5,2,3,4,3,4,outlier
44,0,4,1,22,1,4,3,4,4,4,3,3,4,3,4,2,4,3,4,3,2,2,3,3,4,3,4,2,1,2,2,3,1,4,2,3,4,2,2,3,3,2,2,3,3,3,2,4,inlier
31,0,0,0,5,1,3,2,3,5,4,4,4,4,4,4,4,3,4,4,4,2,2,5,2,5,5,5,1,1,4,4,4,5,5,5,5,3,3,4,5,5,4,5,4,3,5,1,1,outlier
32,0,0,1,3,1,5,5,5,5,5,5,3,5,3,4,3,3,3,4,4,3,3,3,4,4,4,4,1,1,2,2,4,3,3,3,4,5,4,3,3,4,4,2,2,5,5,1,4,inlier
34,0,5,1,8,1,4,4,4,5,4,4,4,4,3,3,4,5,3,3,2,1,4,2,4,5,5,5,1,1,4,4,4,3,2,1,5,4,4,4,5,5,5,5,4,5,3,1,1,inlier
34,0,2,0,3,1,4,4,4,5,4,4,5,4,3,4,3,3,3,2,2,2,3,3,3,4,4,5,2,3,4,4,4,2,3,1,4,4,4,4,5,5,5,5,4,4,4,2,1,inlier
29,0,2,0,1,1,4,3,3,4,5,4,5,5,4,4,2,5,3,4,3,1,2,3,3,5,5,5,1,1,2,2,2,1,3,2,5,3,3,2,5,4,3,2,1,4,3,1,4,inlier
36,0,4,1,12,1,5,5,5,5,5,4,5,5,4,5,4,3,4,4,4,1,2,2,1,5,5,5,3,1,5,3,5,1,5,5,4,1,3,3,3,4,3,4,4,4,4,1,2,inlier
42,0,1,0,9,1,2,2,1,5,5,3,4,4,3,3,3,5,3,4,4,1,2,3,1,3,3,4,1,1,1,1,2,2,4,2,3,4,2,2,4,5,5,3,2,2,3,1,4,inlier
33,0,4,0,2,1,5,5,5,5,3,3,4,4,4,4,4,4,5,3,4,3,5,4,5,5,5,5,1,1,3,3,5,2,2,1,5,5,3,2,3,3,3,3,4,5,5,1,2,inlier
44,0,5,0,4,1,5,5,5,5,5,5,5,5,3,3,3,5,3,3,3,3,3,3,1,5,5,5,1,1,3,3,3,1,1,1,3,3,3,3,5,5,5,5,1,1,1,1,1,inlier
34,0,4,0,11,1,2,3,3,5,4,4,2,4,3,3,3,3,3,3,4,4,4,4,4,5,5,5,2,2,3,3,4,2,2,2,3,3,3,3,5,4,4,4,3,3,3,2,2,inlier
53,0,5,1,25,1,4,4,4,4,4,4,4,4,3,3,3,3,3,3,3,3,2,2,2,3,4,4,3,3,3,3,3,3,4,4,4,4,3,3,4,3,3,3,3,3,3,3,3,inlier
42,0,5,1,15,1,2,3,3,5,3,3,4,4,3,3,2,2,3,3,2,1,2,3,4,5,5,5,2,3,3,2,3,4,4,4,4,4,2,3,3,4,4,4,3,4,4,1,3,inlier
35,0,2,1,5,1,3,3,4,5,3,4,4,3,4,4,3,4,2,3,2,1,3,4,3,3,3,4,1,2,2,2,4,1,4,1,4,2,2,3,3,3,3,3,2,3,4,1,4,inlier
41,0,4,0,3,1,2,1,1,3,2,4,3,2,1,1,2,2,1,1,2,1,2,4,4,1,1,1,2,1,1,1,1,2,1,1,2,4,1,3,1,1,2,3,1,1,1,3,2,inlier
45,0,0,1,16,1,3,4,4,5,4,4,4,5,4,4,3,4,3,1,2,2,3,2,3,5,5,5,1,1,4,4,5,1,5,5,1,1,4,4,5,3,2,3,4,5,5,1,1,inlier
44,0,1,1,5,1,4,4,4,4,3,3,3,4,3,4,3,3,3,3,3,2,3,2,2,4,4,5,3,3,4,4,3,2,3,3,4,2,4,3,3,3,3,3,3,3,4,3,4,inlier
43,0,5,1,10,1,3,3,2,5,4,2,4,4,2,2,2,4,3,3,2,1,3,5,3,5,5,5,1,1,2,2,4,3,5,5,5,5,3,2,3,2,4,3,3,4,3,1,4,outlier
33,0,1,0,3,1,3,3,4,4,4,2,4,4,4,4,4,2,4,3,3,4,3,3,4,4,5,4,4,3,4,4,4,3,4,4,4,3,4,4,4,4,4,4,4,4,5,2,4,inlier
33,0,5,1,10,1,2,2,2,2,2,4,4,4,2,2,2,2,1,2,2,1,2,2,2,2,2,4,1,1,2,2,2,1,2,2,2,2,2,2,2,2,2,2,2,2,2,1,1,inlier
33,0,3,0,5,1,3,4,4,4,5,5,5,5,3,3,3,3,2,3,4,1,1,2,2,5,5,5,1,1,1,1,1,1,5,2,5,5,3,2,3,2,4,5,3,4,5,1,2,inlier
58,0,4,1,30,1,3,2,3,4,4,5,2,3,2,3,3,3,3,2,3,2,3,4,3,4,3,3,3,1,2,2,4,2,2,2,4,3,2,2,2,4,4,4,2,3,3,1,1,inlier
43,0,5,0,8,1,4,4,4,5,4,4,4,4,3,3,3,5,4,3,3,3,3,3,4,4,4,4,3,2,3,3,4,3,4,4,3,3,3,3,3,4,4,4,3,4,3,1,2,inlier
38,0,4,0,3,1,4,4,4,4,4,3,3,3,4,3,3,2,3,3,3,1,3,4,4,4,4,4,1,1,4,4,4,1,1,1,3,3,4,4,4,3,3,3,4,3,4,1,4,inlier
36,0,1,0,3,1,3,3,3,5,5,4,4,4,1,4,2,2,2,3,3,1,2,3,3,3,4,4,2,2,2,3,3,2,2,2,4,4,3,3,3,2,2,4,3,4,5,2,5,inlier
45,0,4,0,1,1,2,4,4,4,4,3,4,4,4,4,3,4,4,3,3,2,3,3,5,4,4,4,3,1,4,4,4,1,1,1,4,3,4,4,2,2,2,2,4,4,4,1,1,inlier
42,0,1,1,10,1,3,3,3,5,5,3,4,4,4,4,3,2,3,3,3,1,2,4,3,5,5,5,1,1,1,1,2,1,1,1,5,5,3,3,3,3,3,3,2,2,4,1,3,inlier
42,0,0,0,8,1,4,3,4,4,3,3,4,4,3,4,3,3,4,4,4,3,3,4,3,4,4,4,4,4,3,3,4,2,4,4,5,5,3,4,4,4,4,4,4,4,3,4,4,inlier
39,0,4,1,10,1,5,5,5,5,5,3,5,4,5,4,4,4,4,4,4,2,3,3,4,5,4,5,5,1,4,4,5,1,2,2,4,2,3,5,5,5,5,5,5,5,5,1,2,inlier
62,0,1,0,4,1,4,4,3,4,4,3,5,5,2,3,5,3,2,4,4,2,5,4,5,5,5,5,5,1,3,5,3,1,3,1,5,5,3,4,5,5,5,5,5,5,5,1,2,inlier
42,0,5,1,16,1,2,3,4,5,3,3,3,3,3,4,3,3,3,3,4,2,1,2,2,3,3,4,2,2,3,3,3,1,5,3,4,4,3,3,3,3,2,3,4,4,4,1,2,inlier
44,0,1,0,3,1,2,3,3,4,4,4,3,3,4,4,4,3,3,4,3,3,3,4,3,3,4,4,3,1,2,2,3,2,1,3,4,3,2,2,4,3,4,4,3,4,4,2,4,outlier
36,0,1,0,3,1,4,3,3,5,5,3,3,4,3,3,3,4,3,3,2,2,2,3,3,5,5,5,2,3,3,3,3,3,4,4,3,3,4,4,4,4,3,3,3,4,4,1,3,inlier
34,0,4,0,5,1,3,3,4,4,5,4,5,3,4,3,2,2,4,3,2,3,2,2,3,5,4,4,3,2,4,4,4,4,5,2,3,2,4,4,5,4,2,4,3,4,5,4,1,outlier
57,0,0,1,25,1,2,2,2,5,4,3,3,3,3,3,3,5,2,3,3,1,2,2,3,5,3,3,1,1,3,1,2,2,2,1,3,3,2,2,4,3,4,3,2,2,1,1,2,inlier
49,0,0,1,5,1,2,2,3,5,3,3,3,2,2,2,2,2,2,1,3,1,2,3,3,5,5,5,1,1,1,1,2,5,3,3,3,3,1,2,3,1,3,5,3,3,3,1,1,inlier
30,0,4,0,1,1,4,5,4,5,5,5,5,5,2,3,3,2,1,3,3,1,2,5,2,4,4,2,1,1,3,1,4,2,3,3,5,3,3,3,4,5,2,5,2,4,4,2,1,inlier
50,0,0,0,9,1,4,4,5,4,4,4,5,4,5,4,4,4,4,3,3,3,3,4,5,5,5,5,5,4,5,5,5,3,5,3,4,3,5,5,5,4,4,5,5,5,5,4,4,outlier
29,0,0,0,2,1,3,3,4,4,2,3,4,4,4,4,2,5,4,3,3,1,2,2,2,5,5,5,2,1,1,2,3,3,4,3,2,2,3,3,3,3,3,4,4,4,4,1,1,inlier
38,0,0,0,7,1,3,3,4,4,3,2,3,2,3,3,3,2,3,2,3,2,2,2,3,2,3,2,3,2,2,3,2,3,3,3,5,2,3,3,5,3,3,4,2,3,2,3,3,inlier
38,0,5,1,15,1,3,3,4,4,4,2,5,4,4,4,4,4,3,3,3,1,3,2,3,3,3,4,3,2,4,3,4,1,1,2,3,3,3,3,3,5,3,3,3,4,3,1,3,inlier
50,0,0,1,13,1,3,3,3,3,3,3,3,3,3,3,3,3,3,3,3,3,3,3,3,3,3,3,3,3,3,3,3,3,3,3,5,5,3,3,3,3,3,3,3,3,3,3,3,inlier
34,0,0,1,10,1,3,3,3,5,5,2,3,5,2,2,1,4,2,3,3,1,3,3,3,3,4,4,1,1,2,2,3,1,3,2,2,2,2,2,3,4,3,2,2,2,2,1,1,inlier
50,0,0,1,10,1,1,1,2,2,5,5,3,3,1,1,2,2,3,1,1,2,3,2,3,3,3,3,1,1,2,2,1,2,1,1,4,3,3,2,1,1,1,1,2,2,1,1,1,inlier
47,0,4,0,2,1,4,4,5,4,4,4,5,4,4,3,4,3,4,3,3,4,5,4,4,4,5,5,3,2,5,5,4,3,3,2,5,5,4,4,4,2,3,3,4,4,5,2,3,outlier
34,0,0,0,4,1,3,2,4,5,3,3,4,4,2,2,2,4,4,2,2,2,1,3,4,5,4,5,2,1,3,3,3,4,5,3,4,5,3,3,5,4,4,4,3,4,4,1,2,inlier
46,0,0,0,15,1,3,4,4,5,5,4,5,5,4,4,4,4,5,4,3,3,5,4,4,4,5,5,2,1,4,4,4,2,3,3,3,2,3,4,5,5,5,4,3,3,5,3,3,inlier
28,0,4,0,2,1,4,3,4,5,5,4,4,4,3,3,3,2,3,3,3,2,3,4,3,4,4,4,1,1,3,3,4,1,3,1,3,3,3,3,4,3,2,3,3,3,3,1,1,inlier
35,0,0,1,7,1,2,3,3,5,4,4,4,4,3,3,3,3,2,3,3,1,4,4,2,5,5,5,3,1,1,1,2,1,1,1,5,5,5,5,4,4,4,5,4,4,4,1,1,inlier
57,0,4,0,3,1,2,2,2,5,3,4,4,3,2,2,2,4,3,2,4,2,2,3,2,4,4,4,1,1,2,2,2,2,2,2,4,3,2,2,4,4,4,4,1,1,1,1,4,inlier
44,0,0,1,14,1,3,3,3,4,3,4,4,3,3,3,3,2,3,1,4,2,1,3,3,5,5,5,2,1,3,3,3,1,2,1,2,1,2,2,3,3,3,3,3,3,3,1,2,inlier
43,0,0,0,3,1,3,3,3,4,4,3,3,3,3,3,3,4,2,3,3,3,3,2,2,5,5,5,1,1,3,3,4,4,4,5,5,5,3,3,3,4,4,3,3,3,4,1,2,inlier
35,0,0,0,3,1,3,4,4,4,4,3,4,4,3,3,2,2,3,2,3,1,2,3,3,5,5,5,1,2,3,3,3,3,2,2,4,3,3,3,3,3,3,3,2,2,3,2,3,inlier
46,0,5,1,5,1,5,4,5,4,4,5,5,4,3,4,3,3,3,3,3,3,3,3,3,5,5,5,2,3,3,3,3,3,5,4,4,4,4,4,5,5,5,5,4,3,2,2,3,inlier
39,0,4,0,3,1,3,4,4,5,5,3,5,5,3,3,3,5,3,3,3,2,2,3,2,4,4,4,2,5,3,3,3,2,2,2,4,3,3,3,3,4,3,3,3,3,5,1,5,outlier
36,0,4,0,5,1,3,3,3,3,3,3,4,3,3,3,3,3,2,3,3,2,3,3,3,3,3,4,1,1,3,3,3,2,3,3,4,4,3,3,3,2,3,3,3,3,3,1,3,inlier
36,0,4,0,2,1,4,4,5,5,5,3,4,4,4,4,4,5,4,3,3,2,3,2,3,3,5,5,1,1,1,1,4,1,1,1,3,3,2,1,4,5,4,5,4,5,4,1,1,inlier
28,0,4,0,1,1,3,2,5,4,3,4,4,4,4,4,3,2,2,2,2,4,3,4,5,4,5,5,3,2,4,4,4,5,5,1,5,5,5,5,3,3,3,3,4,4,3,1,2,inlier
37,0,1,1,4,1,3,3,1,1,2,1,1,2,2,2,2,3,3,3,2,4,2,2,2,1,1,2,3,1,3,4,1,5,4,5,1,2,3,3,1,2,3,2,4,4,2,3,2,inlier
26,0,4,0,3,1,3,4,5,5,4,4,5,5,4,4,3,3,4,4,3,4,5,5,5,5,5,5,3,4,5,5,5,2,2,4,4,3,4,4,4,3,2,3,4,4,4,2,5,inlier
40,0,0,0,3,1,2,2,2,4,4,4,3,3,2,3,3,3,4,3,3,1,3,3,3,4,3,4,1,1,1,1,3,1,1,1,3,3,3,4,4,4,4,3,1,1,2,1,1,inlier
29,0,0,0,3,1,4,4,4,5,5,3,5,4,4,4,2,3,3,3,3,5,3,3,3,4,5,5,4,1,4,4,4,1,4,1,5,4,4,3,4,1,1,1,4,4,5,1,1,inlier
51,0,1,0,8,1,3,4,5,3,5,3,4,4,3,4,3,3,3,3,3,1,4,3,4,4,3,5,4,3,4,4,3,1,1,1,4,4,4,4,5,5,5,4,4,4,2,2,4,inlier
33,0,5,1,3,1,3,3,3,3,3,3,3,3,2,2,2,2,2,2,2,3,3,3,3,3,3,3,3,3,3,3,3,3,3,3,4,3,3,3,3,3,3,3,3,3,3,3,3,inlier
34,0,0,0,3,1,2,1,2,4,3,3,2,3,3,3,3,5,3,3,3,1,1,3,1,3,4,4,1,1,1,1,2,1,1,1,1,1,1,1,3,3,3,3,1,2,4,1,1,inlier
32,0,0,1,6,1,2,2,4,5,4,1,2,4,4,4,4,4,1,2,2,1,2,2,4,5,5,5,1,1,1,1,3,1,3,3,5,4,2,2,4,2,1,1,3,4,3,1,1,inlier
37,0,4,0,6,1,4,4,4,5,5,1,5,5,4,4,4,3,4,3,2,4,4,3,4,4,3,4,2,1,4,4,4,1,1,1,4,3,3,3,4,4,3,3,2,4,4,1,1,inlier
51,0,5,1,15,1,3,2,3,3,3,4,4,4,3,4,3,3,4,3,3,3,2,3,2,4,5,5,3,3,3,3,3,5,5,5,4,3,3,3,5,3,5,4,3,4,4,4,5,outlier
41,0,2,1,16,1,3,4,5,5,4,4,5,5,4,3,2,1,4,3,3,4,3,5,4,5,5,5,4,2,4,4,5,1,3,3,2,1,4,4,5,5,5,5,4,4,4,1,2,inlier
48,0,0,0,15,1,1,1,2,4,4,3,2,3,2,2,2,4,2,3,3,1,3,5,4,5,5,5,1,1,1,1,5,1,3,2,3,3,1,1,3,1,4,3,1,1,3,1,1,inlier
45,0,5,1,19,1,3,2,2,4,3,3,5,4,3,2,1,5,1,3,3,1,1,5,2,5,5,5,1,1,1,2,2,1,4,1,5,5,2,2,5,5,5,4,1,3,3,1,1,inlier
33,0,0,1,8,1,3,3,2,4,5,4,5,4,4,5,5,5,4,3,4,1,1,2,1,4,5,5,4,1,1,1,4,1,2,2,4,4,4,3,5,5,5,5,2,4,5,1,1,inlier
40,0,5,0,8,1,3,3,2,4,5,4,4,5,2,3,1,4,3,3,4,2,1,5,3,5,4,5,1,1,1,1,1,1,5,5,5,5,2,2,4,3,2,2,1,2,2,1,1,inlier
64,0,2,1,30,1,3,3,5,5,4,4,4,4,4,4,4,2,3,3,2,5,4,4,4,4,5,5,4,1,5,5,4,1,2,3,4,4,4,4,4,3,2,2,4,4,2,1,4,inlier
48,0,1,0,2,1,4,4,4,5,4,3,4,4,3,3,3,3,3,3,3,3,2,4,3,4,4,5,3,3,4,3,3,1,3,1,3,4,3,3,5,4,5,4,4,4,4,2,2,inlier
41,0,0,1,4,1,1,1,3,5,5,3,3,3,3,3,3,3,4,3,3,1,1,4,2,4,5,5,2,2,3,2,3,1,2,3,3,2,2,2,3,3,3,3,3,3,3,2,1,inlier
32,0,1,0,2,1,2,2,3,4,4,3,3,4,2,2,2,4,2,3,3,1,2,3,3,4,4,5,2,2,2,2,3,4,5,3,4,4,3,3,3,3,3,3,3,4,5,4,3,inlier
50,0,0,0,3,1,3,3,4,4,4,4,4,4,3,4,3,3,2,4,4,3,4,4,4,4,4,4,2,3,4,4,4,4,5,4,4,4,4,4,5,3,3,3,4,4,4,1,5,inlier
36,0,2,0,8,1,3,2,4,4,4,3,2,2,5,5,4,1,5,2,3,3,3,3,4,5,5,5,2,2,2,3,4,1,2,1,3,3,2,3,3,3,3,3,4,4,3,1,2,inlier
54,0,1,0,1,1,4,4,4,4,4,3,4,3,3,5,4,2,3,2,3,2,3,4,4,5,5,5,2,2,3,2,4,2,2,1,5,5,3,3,5,5,5,5,4,3,4,1,3,inlier
35,0,1,0,3,1,2,2,3,3,3,4,3,3,3,2,2,2,2,2,3,1,3,3,3,4,4,4,2,2,2,2,2,4,4,3,4,3,2,2,4,4,4,3,2,2,3,4,2,outlier
35,0,1,1,6,1,5,5,5,5,5,3,5,3,4,4,4,1,4,4,3,1,3,3,3,5,4,5,5,1,4,4,5,1,3,1,1,1,5,5,5,3,3,5,4,3,1,1,1,inlier
32,0,1,0,1,1,4,5,4,5,5,3,5,5,4,4,4,2,4,4,3,3,4,4,4,4,5,5,1,1,3,3,5,2,4,1,3,4,4,3,5,5,5,5,5,5,5,1,5,inlier
52,0,3,0,1,1,4,2,2,5,4,3,2,3,3,4,3,3,3,4,3,2,2,4,2,4,2,4,2,3,2,2,3,2,2,3,3,3,3,2,4,3,4,4,4,4,4,2,2,inlier
39,0,1,0,7,1,3,3,3,5,5,4,5,5,4,4,4,3,3,3,3,2,3,4,3,3,3,4,3,1,3,3,3,1,2,1,4,4,3,3,5,5,5,2,4,5,5,1,5,inlier
56,0,5,1,28,1,2,2,2,4,3,4,4,3,3,3,1,5,2,3,3,1,2,4,2,5,4,5,1,1,2,1,3,3,3,3,3,2,2,2,4,3,2,3,2,2,3,1,4,inlier
32,0,2,0,28,1,3,4,5,5,4,5,5,3,4,4,4,5,4,5,5,3,5,5,5,5,5,5,2,3,4,4,5,2,2,5,3,3,3,3,5,3,3,1,4,4,4,1,3,inlier
39,0,5,1,4,1,3,3,1,5,4,3,5,4,2,2,2,4,2,2,4,2,2,2,3,4,4,5,2,2,2,2,2,4,5,4,4,4,2,2,4,2,2,2,2,4,4,4,2,outlier
54,0,4,0,1,1,4,4,3,5,5,5,4,3,2,3,3,3,3,4,4,2,3,3,4,2,3,3,3,3,3,3,3,4,4,4,4,4,3,3,4,5,4,5,2,3,4,4,2,inlier
50,0,5,0,15,1,3,3,2,3,3,2,3,3,2,3,2,4,3,2,3,2,2,2,3,3,3,3,2,1,2,2,3,1,3,1,2,2,2,2,4,3,3,3,3,3,3,1,2,inlier
43,0,4,0,5,1,3,4,3,3,4,2,2,2,2,2,2,3,2,3,2,1,3,4,2,4,2,4,1,1,1,1,2,2,4,4,2,2,1,1,1,1,1,1,3,3,2,1,1,inlier
33,0,1,0,5,1,2,3,2,5,4,4,4,3,2,4,3,3,3,3,4,1,2,4,3,4,4,4,1,1,2,1,3,1,1,1,5,5,3,2,4,3,2,2,1,2,2,1,1,inlier
49,0,0,1,27,1,2,3,3,3,2,3,4,3,4,4,3,3,3,3,3,2,3,3,3,4,3,4,2,2,3,3,3,1,2,1,4,4,3,3,3,3,2,2,2,2,2,2,2,outlier
46,0,0,1,20,1,2,2,2,4,4,3,3,2,4,3,3,2,2,3,3,1,1,4,1,4,3,4,1,1,2,2,4,1,1,1,3,1,3,2,1,1,1,1,2,3,1,1,1,inlier
49,0,4,0,17,1,4,5,5,5,3,3,4,4,3,3,3,3,3,3,3,2,3,5,3,5,3,5,2,3,3,3,3,3,3,4,4,3,3,3,3,3,3,4,3,4,4,2,5,inlier
43,0,4,1,17,1,2,2,3,4,3,3,2,2,2,3,2,3,2,1,3,1,1,2,1,3,3,3,1,1,1,1,1,1,2,1,4,1,1,1,2,4,3,2,1,1,2,1,1,inlier
50,0,0,1,25,1,3,3,3,4,4,3,3,4,2,3,2,3,2,2,3,1,2,3,2,4,4,4,1,1,2,2,3,1,3,1,3,2,2,2,4,4,3,4,2,3,4,1,1,inlier
52,0,5,1,30,1,4,4,5,4,4,2,2,3,4,4,3,3,2,2,3,1,1,3,1,5,5,4,3,3,5,2,4,1,1,3,1,1,3,4,4,4,1,4,3,4,4,1,1,inlier
52,0,2,1,22,1,4,4,4,4,4,3,4,4,3,3,2,4,3,4,3,2,2,3,2,4,4,5,1,1,3,2,4,1,4,3,3,3,3,3,5,5,4,5,2,2,2,1,1,inlier
55,0,1,0,12,1,3,4,4,4,4,3,3,3,3,3,3,3,3,2,2,4,3,5,5,5,5,5,3,1,5,4,5,3,3,3,4,2,5,5,3,4,3,5,5,5,5,5,2,outlier
58,0,0,1,15,1,2,2,2,2,3,2,3,2,2,3,3,2,1,2,2,1,2,1,2,3,2,2,1,1,1,1,4,1,2,1,2,1,1,1,3,3,1,4,2,3,4,1,1,inlier
55,0,3,0,20,1,3,3,3,4,3,2,3,3,3,3,3,4,3,2,2,2,2,1,2,3,3,4,1,1,2,2,3,1,2,3,4,4,1,1,5,4,4,5,2,2,4,1,4,inlier
56,0,4,1,23,1,3,3,4,4,3,3,4,4,2,3,3,4,3,3,3,2,2,4,4,4,4,5,2,2,2,3,4,4,1,4,5,4,3,2,4,2,3,3,4,5,2,1,4,inlier
46,0,1,0,15,1,4,4,4,3,3,3,3,3,4,4,4,4,4,5,4,4,4,3,4,5,5,5,4,4,4,4,4,4,4,5,2,2,4,4,4,2,4,4,4,4,4,3,4,inlier
51,0,1,0,15,1,4,3,3,4,4,4,4,4,3,3,3,3,3,3,3,2,3,5,3,4,4,5,2,2,3,3,4,2,5,3,4,3,4,4,4,4,5,4,4,4,4,4,2,inlier
67,0,4,1,30,1,2,2,2,4,3,3,4,4,3,3,3,4,3,2,3,1,3,2,3,4,4,4,2,1,1,2,3,1,1,1,3,2,3,4,3,2,1,1,3,4,4,1,1,inlier
59,0,0,0,25,1,2,3,2,3,2,3,2,2,2,2,2,5,3,2,3,1,3,3,2,3,3,3,1,1,1,1,2,2,2,1,1,1,2,2,1,1,1,1,1,1,3,2,2,outlier
52,0,0,1,22,1,2,2,3,5,4,2,2,4,1,2,2,4,3,3,3,1,2,5,4,5,4,5,3,1,1,1,2,1,1,3,2,2,1,1,3,5,5,5,1,1,1,1,1,inlier
50,0,2,1,20,1,4,4,2,4,4,2,5,5,3,4,4,2,3,4,3,1,2,4,3,3,2,5,1,1,1,1,4,1,1,3,2,2,4,3,4,4,4,5,1,4,5,1,1,inlier
50,0,3,1,20,1,2,2,3,4,3,2,3,2,3,3,2,4,2,4,3,1,2,3,3,4,2,3,1,1,1,1,1,1,2,1,2,2,1,1,5,5,5,1,2,2,2,1,1,inlier
40,0,0,1,10,1,3,1,2,5,3,1,1,3,1,3,2,3,2,1,1,1,1,5,1,5,5,5,1,1,1,1,1,1,1,1,2,2,1,1,1,5,5,5,1,1,4,1,1,inlier
45,0,3,1,20,1,4,4,4,5,5,4,5,5,4,3,4,2,4,3,3,3,3,4,4,4,4,4,3,3,3,2,4,1,4,1,4,4,4,4,4,4,4,4,4,4,5,1,4,inlier
46,0,0,0,7,1,2,3,2,4,4,4,3,4,4,4,3,3,3,3,2,4,4,3,2,4,5,5,2,1,4,4,3,5,5,5,4,2,3,4,4,4,3,1,4,4,5,2,3,outlier
38,1,0,1,15,1,3,5,3,3,3,4,3,4,2,2,1,2,4,3,4,2,2,4,3,4,5,5,2,2,2,2,2,3,4,4,4,2,3,3,3,3,3,3,2,2,3,3,2,inlier
47,1,0,0,2,1,3,3,3,4,4,3,4,3,3,4,3,3,4,4,4,3,3,4,4,4,5,5,3,3,3,3,3,3,2,4,3,4,3,3,4,3,3,4,3,4,4,1,5,outlier
39,1,0,0,15,1,4,3,3,5,3,3,4,5,3,3,3,3,2,3,4,4,2,4,4,5,5,5,4,4,3,4,3,5,5,5,5,5,3,4,5,3,4,3,4,4,4,2,4,inlier
48,1,0,0,7,1,4,4,5,5,5,2,5,5,4,3,3,3,3,3,2,1,4,2,4,3,4,5,1,1,3,3,3,3,4,1,5,1,3,3,1,1,1,1,1,4,4,1,1,inlier
58,1,5,1,7,1,2,2,2,5,5,5,5,5,3,3,3,2,2,2,3,1,2,2,1,3,3,4,1,1,1,1,1,4,4,3,3,2,2,2,1,1,1,5,1,1,5,1,1,inlier
38,1,0,0,5,1,2,3,2,4,3,4,4,4,2,3,2,4,2,2,3,1,1,2,2,2,3,3,1,1,2,1,2,1,3,2,4,3,3,2,2,4,3,4,2,4,2,1,3,inlier
49,1,1,0,15,1,4,5,5,5,4,4,4,4,5,5,4,1,2,2,3,2,4,3,4,5,5,5,3,1,4,4,5,3,5,5,4,3,4,4,5,5,3,5,5,5,5,1,5,inlier
43,1,3,0,15,1,4,5,5,4,4,4,4,4,4,5,4,3,4,2,3,2,4,4,4,4,5,4,2,1,4,4,5,3,2,5,4,3,4,4,5,5,3,5,4,4,5,1,5,outlier
46,1,4,0,15,1,3,2,2,5,5,5,5,5,3,4,3,4,2,2,5,2,1,4,3,5,5,5,1,1,2,2,3,1,1,1,5,5,3,2,5,4,5,5,3,4,4,1,4,inlier
45,1,5,0,16,1,2,2,2,4,3,3,3,3,2,2,2,5,2,2,2,1,2,3,2,3,3,3,1,1,2,2,1,2,2,2,2,1,3,2,3,3,2,2,2,2,3,1,2,inlier
42,1,0,1,18,1,3,3,2,5,5,4,5,5,2,3,3,1,3,2,4,1,1,3,2,4,5,4,1,1,1,1,2,1,1,1,4,1,1,1,3,4,3,2,1,3,5,1,1,inlier
48,1,0,1,25,1,4,4,5,4,5,3,5,4,5,5,5,5,5,3,1,1,3,4,3,3,3,4,2,1,1,3,4,1,5,4,3,1,3,3,3,4,3,3,5,5,5,1,1,inlier
45,1,1,0,14,1,2,5,5,5,5,2,5,5,4,3,3,1,4,1,1,1,1,4,1,5,1,5,2,1,3,5,1,3,2,1,5,2,5,3,3,5,3,3,5,5,5,1,4,inlier
53,1,1,0,20,1,3,3,5,5,5,5,3,3,1,2,3,5,1,3,4,3,3,5,2,5,5,5,2,1,3,1,5,1,3,2,5,5,2,2,5,4,3,5,1,4,3,1,4,inlier
38,1,0,0,8,1,5,5,5,5,5,3,5,5,4,4,4,4,4,3,3,4,4,4,3,5,5,5,2,2,5,3,5,1,2,1,3,4,4,4,4,5,5,5,5,5,4,2,2,inlier
39,1,3,0,6,1,2,2,2,5,3,3,2,3,2,4,3,4,2,2,3,2,3,4,4,4,4,4,2,2,3,3,3,2,4,2,5,4,3,3,4,2,4,3,2,3,2,2,2,inlier
49,1,1,0,16,1,2,1,3,2,5,4,3,4,3,4,3,5,1,3,3,1,1,1,1,5,3,4,1,1,1,3,2,2,2,1,1,1,2,2,5,5,5,5,2,2,1,1,1,inlier
46,1,1,0,1,1,4,4,4,4,4,4,4,4,4,3,4,2,4,3,4,3,3,3,3,3,3,3,2,2,3,3,3,2,3,3,4,4,3,3,5,3,3,5,3,4,4,1,4,inlier
53,1,1,0,1,1,3,3,3,5,5,5,5,5,3,3,3,3,4,3,4,1,3,5,3,5,3,5,1,1,2,1,3,4,3,3,4,4,3,3,4,4,4,4,1,3,3,1,1,inlier
43,1,0,0,3,1,3,3,3,5,3,4,3,4,3,4,3,5,3,3,4,1,3,4,3,5,4,5,1,1,2,2,3,1,1,1,5,3,2,2,4,5,5,4,3,3,3,1,1,inlier
46,1,1,0,15,1,3,3,5,4,4,5,5,5,3,3,2,2,4,5,2,4,2,4,2,5,5,5,5,5,4,4,3,4,5,5,2,1,5,5,3,5,3,5,5,5,5,4,4,outlier
52,1,0,0,25,1,3,2,3,5,4,3,4,5,4,4,3,4,4,3,3,3,1,3,3,5,5,5,3,1,4,3,3,2,1,2,2,2,3,4,4,4,5,4,3,4,4,1,3,inlier
50,1,0,0,23,1,1,1,1,4,3,2,5,5,2,2,2,5,1,2,3,1,1,2,3,5,5,5,1,1,1,1,1,1,1,1,5,3,1,1,5,3,2,1,1,1,2,1,1,inlier
43,1,1,0,7,1,3,4,5,3,5,2,4,4,4,3,3,3,3,2,2,3,3,3,2,3,3,3,3,3,3,3,4,1,1,1,5,5,3,3,5,4,5,5,4,4,5,1,5,inlier
46,1,0,0,7,1,2,2,3,4,2,4,2,3,2,2,2,4,2,2,4,2,2,4,3,4,4,5,1,1,2,2,2,3,3,3,5,5,3,2,4,2,2,3,2,2,3,3,2,inlier
35,1,0,0,2,1,4,4,4,5,5,4,4,3,4,4,3,4,4,5,4,4,3,5,4,4,4,5,1,4,4,3,4,3,5,5,4,4,4,2,5,5,5,5,4,4,2,2,4,outlier
49,1,0,0,14,1,4,3,2,5,5,4,5,5,3,3,4,2,2,4,3,2,2,4,5,5,4,5,2,5,4,4,4,4,3,5,4,5,3,3,4,4,3,3,3,5,5,3,4,inlier
39,1,1,1,7,1,4,4,5,4,4,5,5,3,4,3,3,3,5,3,4,3,3,5,3,5,5,5,3,3,4,4,4,5,5,5,5,3,3,3,4,4,4,4,4,4,4,5,3,outlier
39,1,4,0,10,1,3,3,3,3,3,3,3,3,3,3,3,3,3,3,3,3,3,3,3,3,3,3,3,3,3,3,3,3,3,3,3,3,3,3,3,3,3,3,3,3,3,3,3,inlier
38,1,0,0,12,1,5,3,5,4,4,5,4,4,4,4,4,1,4,3,3,2,4,4,4,5,5,5,1,3,3,3,4,4,4,3,5,2,3,3,4,4,3,2,5,5,4,3,5,inlier
43,1,0,1,20,1,3,4,2,5,5,1,5,5,4,4,4,5,3,2,1,1,2,5,3,4,5,5,1,1,1,1,4,1,2,3,4,5,2,2,4,4,4,5,2,4,5,1,1,inlier
42,1,0,0,20,1,5,5,5,5,5,5,5,5,4,4,4,2,4,5,5,1,5,4,5,3,3,5,2,1,3,5,5,1,4,1,5,5,3,5,5,5,5,3,5,5,5,1,1,inlier
44,1,0,1,20,1,3,4,4,5,5,5,5,5,4,4,3,2,3,2,4,3,5,2,5,4,5,5,3,1,4,2,5,1,2,1,3,3,3,4,2,4,1,1,3,5,3,1,4,outlier
49,1,5,0,13,1,2,2,2,4,3,1,4,3,2,2,2,2,2,3,2,1,1,2,2,3,3,3,1,2,2,1,2,1,2,1,5,4,2,2,5,3,3,3,1,2,2,1,2,inlier
42,1,1,1,16,1,2,2,3,4,5,5,5,5,3,3,3,2,2,4,2,1,2,4,2,5,5,5,2,1,3,3,3,1,2,4,4,4,3,3,5,3,4,4,4,4,4,1,3,inlier
44,1,1,1,20,1,3,3,3,5,5,4,4,4,2,2,3,2,2,2,3,1,2,3,3,5,4,4,2,1,1,1,3,2,3,3,4,4,2,2,5,4,4,4,2,3,3,1,2,inlier
34,1,4,0,1,1,3,4,5,5,4,3,4,2,3,5,4,2,4,3,3,2,4,5,5,4,4,5,3,3,4,4,4,4,5,4,4,4,4,5,5,4,4,5,4,4,2,1,3,inlier
46,1,1,0,6,1,3,2,3,5,3,3,4,4,2,2,2,4,3,4,4,5,2,3,2,5,5,5,4,2,4,4,4,4,5,4,3,1,3,3,5,4,3,3,2,2,4,1,4,inlier
48,1,0,0,2,1,2,3,2,4,4,2,3,2,2,3,3,4,2,3,4,2,2,4,3,4,4,5,1,2,2,2,3,3,3,3,3,3,3,3,4,4,4,4,2,3,4,2,2,inlier
52,1,1,0,11,1,2,3,3,5,3,4,3,3,3,3,3,4,2,2,3,1,2,3,3,5,5,5,1,2,2,2,2,3,4,5,4,4,2,2,3,2,2,2,2,3,3,3,5,inlier
40,1,0,0,9,1,4,4,4,5,5,4,4,3,4,3,4,4,4,4,3,2,2,3,3,5,5,5,3,2,4,4,5,1,2,1,4,4,4,5,3,2,2,2,5,5,5,1,1,inlier
40,1,0,0,5,1,3,3,2,4,4,4,3,3,2,2,2,4,3,1,3,1,1,3,3,5,5,5,2,1,2,1,2,2,2,1,2,2,2,2,4,4,4,4,2,3,1,1,1,inlier
42,1,0,0,6,1,3,3,3,4,4,3,4,4,2,2,2,3,2,3,3,2,3,4,3,4,5,5,2,2,2,2,3,3,3,2,4,3,3,3,4,4,2,3,3,3,2,1,2,inlier
49,1,1,0,5,1,3,3,5,4,4,3,4,4,3,3,3,4,4,2,2,3,3,4,2,5,5,5,1,1,3,3,4,2,2,2,4,4,3,3,4,5,5,3,3,4,4,1,1,inlier
47,1,1,0,5,1,3,5,3,5,5,2,4,5,3,3,2,4,4,3,2,2,3,4,3,5,5,5,2,1,2,2,4,1,5,3,3,3,4,4,5,3,5,5,4,5,5,1,3,inlier
49,1,0,1,25,1,3,5,3,5,5,2,4,5,3,3,2,4,4,3,2,1,3,2,1,4,4,4,1,1,1,1,3,1,1,4,4,2,4,4,5,5,5,3,1,1,1,1,1,inlier
49,1,1,0,18,1,3,3,4,5,4,3,4,4,3,3,3,4,3,4,3,3,2,3,3,4,4,5,3,2,4,4,4,3,3,4,2,2,3,3,4,4,4,5,4,4,3,1,3,inlier
34,1,5,0,4,1,3,3,3,5,4,4,4,4,3,4,3,3,3,3,4,2,2,4,3,5,5,5,2,2,3,3,3,2,5,3,5,5,3,3,4,3,4,4,3,4,4,2,3,inlier
34,1,0,0,3,1,2,2,3,5,4,4,4,4,3,4,3,2,3,4,3,3,3,5,3,4,4,4,2,2,3,3,3,2,4,4,4,4,2,2,3,4,4,3,2,3,5,1,4,inlier
45,1,1,0,16,1,3,3,5,5,4,5,3,4,3,4,3,4,3,3,4,1,2,4,3,5,4,4,2,1,3,3,3,1,2,3,4,3,3,3,4,4,4,3,5,5,5,2,2,inlier
35,1,4,0,2,1,3,3,4,4,4,4,4,4,3,3,3,3,4,3,4,1,4,4,3,5,3,5,2,2,1,1,4,1,1,1,4,3,3,3,5,1,3,3,2,4,4,1,4,inlier
40,1,4,0,1,1,4,4,5,4,4,4,4,4,5,5,5,2,4,4,5,4,4,5,5,5,5,5,1,2,2,3,5,4,4,3,5,3,3,4,4,3,3,3,4,3,4,1,2,inlier
33,1,1,0,2,1,3,3,3,4,4,4,5,5,3,4,3,2,4,3,3,3,3,4,4,5,5,5,3,1,3,3,4,3,4,3,5,5,4,4,4,4,4,4,3,5,5,1,5,inlier
37,1,4,0,8,1,3,3,3,3,3,3,3,3,3,3,3,3,3,3,3,3,3,3,3,3,3,3,3,3,3,3,3,3,3,3,3,3,3,4,3,5,5,3,4,4,2,1,4,inlier
44,1,1,0,12,1,2,2,3,3,2,3,3,2,2,2,2,2,3,2,2,2,3,3,3,3,3,3,3,3,2,2,3,2,3,1,3,3,3,4,3,4,4,4,2,2,3,1,2,inlier
34,1,5,0,8,1,3,2,3,5,4,4,5,5,3,2,3,4,2,3,4,1,3,5,3,5,5,5,1,2,2,3,2,3,4,4,4,4,4,3,4,2,4,4,3,3,4,1,2,inlier
33,1,0,1,10,1,2,3,5,5,4,4,5,4,4,5,5,4,4,1,4,4,3,2,4,5,5,5,4,3,3,3,5,3,5,4,1,1,4,4,3,4,3,2,4,5,5,2,2,inlier
65,1,0,0,15,1,3,3,3,3,3,3,4,4,3,3,2,3,3,2,4,4,3,2,4,3,5,4,2,1,3,3,3,3,3,4,3,1,4,4,3,4,3,2,3,3,3,1,3,inlier
31,1,0,0,5,1,4,4,4,4,3,4,3,4,3,4,4,2,4,4,4,2,3,3,2,4,4,4,2,4,3,3,4,5,5,5,4,3,4,4,4,2,2,4,4,4,4,2,4,inlier
32,1,5,0,2,1,4,2,4,5,5,4,5,5,5,5,5,5,4,3,4,2,3,3,2,4,4,5,1,1,3,3,3,5,5,5,5,5,4,4,4,2,2,4,3,5,5,1,1,outlier
43,1,3,1,20,1,2,3,2,4,3,3,2,2,4,4,3,4,3,3,4,2,2,4,3,4,5,5,2,1,1,1,3,4,3,3,4,3,3,3,5,5,5,5,2,2,1,2,1,inlier
52,1,3,1,26,1,1,1,1,5,5,5,3,5,2,2,2,5,2,1,5,1,1,5,1,3,5,5,1,1,1,1,1,1,1,1,1,1,1,1,1,1,1,1,1,3,3,1,3,inlier
36,1,0,1,10,1,3,3,3,4,4,3,4,3,4,4,3,4,4,3,3,1,2,4,3,4,4,4,1,1,1,1,2,1,4,4,4,3,2,2,4,2,4,3,2,2,2,1,5,inlier
42,1,3,0,12,1,4,4,4,4,5,4,4,4,3,3,3,2,3,5,3,1,3,4,1,3,4,4,1,1,1,1,3,3,2,4,3,4,2,2,5,5,5,5,2,2,2,1,4,inlier
50,1,0,0,10,1,1,2,2,4,4,3,3,3,2,2,2,3,2,2,2,2,3,3,3,3,4,4,2,2,2,2,2,3,3,2,4,4,2,2,4,2,2,2,2,2,2,2,2,inlier
42,1,2,0,8,1,2,3,2,4,4,3,3,4,3,4,4,3,2,3,3,1,3,4,3,4,4,4,1,1,3,2,3,1,1,1,4,3,2,2,4,4,4,3,3,3,3,1,1,inlier
43,1,0,0,15,1,2,2,4,4,4,2,4,4,4,4,3,3,3,3,3,3,2,2,2,4,5,5,3,2,3,3,4,3,3,3,4,4,4,4,5,3,4,3,3,3,5,3,2,inlier
29,1,0,0,4,1,2,3,3,5,5,3,2,4,4,4,2,3,3,2,2,1,2,4,2,4,5,5,1,1,2,2,2,3,5,4,3,3,2,2,5,4,3,5,3,4,5,2,4,inlier
38,1,3,0,2,1,4,3,4,5,3,3,5,5,2,3,2,4,4,3,3,1,2,3,3,5,5,5,1,1,1,1,3,1,5,3,5,5,3,2,5,2,2,3,4,4,5,1,4,inlier
54,1,3,0,3,1,2,2,2,5,4,3,4,4,2,2,3,4,2,2,3,2,2,4,2,5,5,5,2,2,2,2,2,2,3,4,5,5,2,3,2,2,2,2,2,2,2,1,2,inlier
48,1,1,0,4,1,1,1,1,4,4,4,1,4,2,3,1,4,1,1,2,1,1,3,1,3,2,3,1,1,1,1,1,1,3,1,3,3,1,1,1,1,1,1,2,2,2,1,5,inlier
47,1,3,1,20,1,2,1,2,5,3,2,4,4,2,3,3,4,3,3,2,1,1,1,1,4,4,4,2,1,1,2,1,3,4,1,4,4,2,2,1,1,3,3,2,2,2,1,1,inlier
38,1,0,0,14,1,4,4,4,3,4,3,4,3,3,3,3,3,3,3,3,1,4,4,4,4,4,5,1,2,3,3,4,4,5,2,5,5,4,4,5,5,5,4,3,3,4,1,1,inlier
37,1,0,0,10,1,2,2,3,4,3,4,2,3,2,2,2,5,3,2,3,1,1,3,2,3,3,4,1,1,1,1,1,3,3,2,2,2,1,1,5,2,2,2,1,1,2,2,1,inlier
45,1,2,1,20,1,2,2,3,4,4,3,4,4,3,3,4,5,2,2,3,1,2,4,1,4,4,5,1,1,1,1,2,1,1,1,2,1,2,2,5,5,4,3,3,3,4,1,1,inlier
37,1,0,0,7,1,3,2,2,5,3,2,4,4,3,3,2,5,2,2,3,2,2,3,3,4,4,5,2,1,2,2,3,1,2,1,2,4,3,3,3,5,5,3,3,3,5,1,1,inlier
45,1,0,1,20,1,4,4,4,4,4,4,4,4,3,4,3,3,3,3,3,3,3,3,4,3,4,3,3,3,2,2,3,3,4,3,5,5,3,3,3,3,3,3,4,4,4,3,4,outlier
47,1,3,0,11,1,2,3,3,5,4,4,5,3,4,3,3,5,3,3,3,1,3,4,3,4,3,5,1,1,1,1,3,5,4,3,5,4,2,2,4,3,4,4,1,1,3,1,3,inlier
39,1,0,0,2,1,4,3,4,3,4,2,3,4,2,3,3,4,3,2,4,2,2,4,4,4,4,4,2,2,2,2,3,3,2,1,4,2,3,3,4,3,3,3,3,4,2,1,2,inlier
40,1,0,1,13,1,3,3,3,4,4,2,4,4,3,4,3,2,3,3,4,2,2,3,4,4,4,4,2,1,3,3,3,1,1,1,1,1,2,2,4,4,4,4,3,3,3,1,1,inlier
37,1,0,0,7,1,3,3,2,5,5,3,4,5,3,2,2,4,2,4,3,2,2,5,3,4,5,4,1,1,2,2,2,1,4,4,4,3,3,3,5,5,5,5,4,4,4,1,1,inlier
34,1,0,1,10,1,3,3,3,4,4,4,4,4,3,3,3,2,3,4,4,3,3,3,3,5,5,5,3,3,4,4,3,4,4,5,5,5,5,5,5,5,5,5,3,3,3,3,4,inlier
39,1,1,1,6,1,3,2,4,4,3,3,4,4,4,4,4,3,2,2,1,2,2,2,3,5,5,4,4,2,3,2,3,1,1,2,4,4,4,4,5,4,5,5,3,4,4,2,2,inlier
49,1,1,0,5,1,5,5,5,5,5,5,5,5,5,5,3,5,5,5,5,3,3,5,3,5,5,5,4,3,3,3,5,3,3,3,5,5,5,5,5,5,5,5,5,5,5,3,3,outlier
36,1,0,0,3,1,3,3,3,5,4,4,4,4,4,4,4,3,2,3,3,2,2,4,2,4,4,4,2,2,2,3,2,2,2,3,4,4,3,3,4,4,4,3,2,3,3,2,2,inlier
51,1,0,0,8,1,3,2,4,3,3,4,4,3,3,3,2,2,2,3,3,1,1,2,3,3,4,5,1,1,2,2,2,2,1,1,5,5,3,3,5,3,5,5,1,3,3,1,2,inlier
32,1,3,1,10,1,3,3,3,4,4,4,4,4,3,3,3,4,3,5,4,1,2,3,1,4,5,4,1,5,2,1,3,3,2,1,3,3,3,3,5,5,5,5,3,3,4,1,3,inlier
50,1,0,0,10,1,4,3,4,5,5,3,3,4,3,3,2,4,2,3,2,1,2,4,3,3,5,4,1,1,1,1,2,2,4,3,3,4,3,3,4,3,2,3,3,4,5,2,2,inlier
43,1,3,0,11,1,4,4,5,5,5,3,4,5,3,3,2,5,3,3,2,1,1,4,1,5,2,3,1,1,2,1,3,1,1,1,2,1,2,2,5,4,5,5,2,4,4,1,1,inlier
40,1,5,1,14,1,2,2,2,5,4,3,3,5,2,3,2,5,3,3,3,1,2,2,2,4,4,4,1,1,1,1,2,4,4,3,2,4,1,1,4,4,4,4,1,4,4,1,1,inlier
40,1,0,0,10,1,3,3,3,5,5,3,4,4,3,3,3,4,3,4,2,3,3,3,3,3,3,5,2,2,3,3,3,1,1,1,3,3,3,1,4,4,4,4,2,2,2,2,2,inlier
37,1,3,1,12,1,5,5,5,4,5,5,4,4,3,4,4,4,3,3,3,4,3,3,4,4,4,4,5,4,5,4,4,4,4,4,4,4,4,4,4,4,4,4,5,5,5,5,5,inlier
37,1,1,1,10,1,2,2,2,5,5,5,3,3,2,5,3,3,2,3,3,1,2,3,2,5,5,5,1,1,2,1,3,1,4,1,2,2,2,2,2,4,3,3,3,4,4,1,4,inlier
52,1,5,1,9,1,3,4,4,4,3,5,5,5,4,5,5,4,3,3,5,3,5,5,4,5,5,4,4,3,4,4,3,4,5,4,4,5,5,4,3,4,4,4,3,4,4,5,4,outlier
43,1,0,1,10,1,4,4,4,3,5,4,4,4,3,3,3,1,4,4,5,1,4,3,4,4,5,5,1,1,4,3,4,4,5,5,4,4,4,3,3,3,3,3,4,4,4,1,4,inlier
41,1,0,0,12,1,4,4,5,5,5,5,5,4,3,3,3,2,3,3,1,1,4,5,5,1,4,3,1,1,3,4,5,1,1,4,5,3,3,5,3,5,5,3,4,4,4,1,4,inlier
55,1,0,1,30,1,3,4,3,5,5,3,3,4,2,2,2,1,2,1,3,1,1,3,3,4,3,3,1,1,2,3,3,3,3,3,2,1,2,2,5,2,5,3,2,2,2,1,3,inlier
42,1,0,0,1,1,2,3,3,4,4,3,5,5,3,4,3,3,2,1,3,1,2,3,3,4,4,4,1,1,1,1,2,3,4,1,4,1,2,2,4,4,4,4,2,3,4,1,1,inlier
34,1,3,1,10,1,4,4,3,5,5,3,2,5,2,5,3,5,1,3,3,1,1,4,1,4,1,5,1,1,1,1,2,1,5,1,1,1,1,1,5,1,5,5,1,3,3,1,1,inlier
45,1,1,0,15,1,3,3,3,5,5,5,3,2,3,3,3,3,3,3,5,2,2,3,2,4,4,5,1,1,2,2,3,1,1,2,2,2,3,3,3,3,3,3,3,4,1,1,2,inlier
49,1,3,0,18,1,4,4,4,4,4,4,5,4,3,4,3,3,3,4,3,3,2,2,2,4,4,4,2,4,2,3,3,1,1,2,4,4,3,4,5,4,4,4,4,4,4,2,4,inlier
46,1,3,0,7,1,5,5,5,5,5,5,5,5,3,3,3,3,4,3,3,5,3,3,3,5,5,5,4,2,3,4,3,3,2,3,4,3,3,4,5,5,5,5,3,5,5,2,1,inlier
33,1,0,0,4,1,4,4,5,5,5,4,5,5,3,3,3,1,3,3,3,4,3,3,3,5,5,5,4,1,3,3,3,5,5,5,5,5,4,5,5,4,5,5,5,5,5,1,1,inlier
52,1,1,0,28,1,2,2,3,4,4,3,5,5,3,3,2,4,3,3,3,3,1,5,3,5,5,5,2,1,2,1,2,3,3,3,5,5,2,2,5,5,5,2,2,2,4,1,2,inlier
42,1,5,1,17,1,2,3,3,4,3,3,4,3,2,2,2,4,3,3,3,2,2,3,3,4,3,3,2,2,2,2,2,3,3,3,3,3,2,2,4,3,4,4,2,2,4,2,2,inlier
44,1,0,0,8,1,4,4,5,5,4,4,4,4,3,4,4,2,3,3,3,3,3,3,3,3,3,3,3,1,3,3,3,2,2,1,2,2,2,2,3,3,3,3,3,3,3,3,1,inlier
49,1,1,0,4,1,3,3,2,5,4,3,5,5,2,2,2,4,2,2,3,1,1,5,2,5,5,5,1,2,1,1,2,2,4,4,4,4,1,1,3,3,3,3,2,2,2,2,2,inlier
33,1,0,0,2,1,2,2,3,4,4,3,2,4,3,4,3,2,2,3,3,4,2,4,3,4,4,4,2,4,4,4,3,2,4,2,4,4,3,4,4,3,3,3,4,4,4,2,4,inlier
39,1,3,0,3,1,4,3,3,5,4,3,4,4,2,3,3,5,3,3,3,1,3,3,2,5,5,5,3,1,1,1,4,1,2,1,4,4,3,3,5,5,5,4,2,3,3,1,1,inlier
38,1,0,0,8,1,3,3,4,5,4,3,5,4,4,4,3,4,4,3,4,2,2,3,3,5,5,5,2,2,4,3,4,4,4,4,4,3,3,3,4,4,4,2,2,4,4,1,3,inlier
39,1,0,1,12,1,3,3,3,3,5,3,3,3,3,3,3,4,2,3,3,1,2,3,1,3,4,3,2,1,2,1,3,3,3,3,2,1,3,3,3,3,3,4,2,2,2,1,1,inlier
32,1,0,0,4,1,3,2,3,4,3,2,3,4,3,4,3,4,3,2,2,1,1,2,2,4,4,4,1,1,1,1,3,1,4,4,2,2,2,2,4,4,4,4,2,2,3,1,2,inlier
40,1,0,0,3,1,2,2,2,5,4,3,3,3,3,3,2,5,2,3,3,1,3,2,3,4,4,4,1,1,1,1,2,4,2,1,4,2,1,1,3,3,3,2,2,1,4,1,1,inlier
35,1,0,0,10,1,3,3,4,4,4,3,4,4,4,4,2,4,3,3,3,3,2,4,3,4,4,4,3,2,2,2,3,4,5,4,3,3,3,3,3,3,3,3,3,2,4,1,3,inlier
50,1,0,1,1,1,4,4,3,4,4,4,3,2,2,3,2,2,3,3,4,2,3,3,4,5,5,5,2,1,3,3,5,1,3,2,4,4,3,3,2,3,4,5,3,5,5,1,2,inlier
41,1,0,1,10,1,2,3,2,4,4,4,4,2,3,3,2,3,2,2,3,1,1,2,1,3,3,3,1,1,1,1,2,1,1,1,1,1,2,2,4,4,4,3,2,3,1,1,1,inlier
24,1,5,1,10,1,4,4,3,5,5,3,4,5,4,4,4,5,3,3,3,1,1,3,2,4,4,5,1,3,3,3,3,3,3,3,3,3,3,3,4,5,5,5,3,4,4,1,3,inlier
45,1,0,1,18,1,3,3,3,5,4,3,3,3,3,3,3,4,3,3,3,1,2,3,2,4,4,4,1,1,1,1,3,1,1,2,2,2,2,2,4,3,4,4,2,4,4,1,1,inlier
39,1,1,0,7,1,2,3,3,5,5,2,5,5,3,3,3,4,1,3,3,1,2,3,3,5,5,5,1,1,1,2,2,2,3,4,4,5,2,2,5,5,5,5,2,3,5,1,3,inlier
41,1,1,1,2,1,3,3,4,5,5,4,3,5,3,4,3,3,4,3,4,3,2,2,3,4,4,4,2,2,4,2,3,3,4,3,5,4,4,4,5,3,5,3,4,4,4,4,2,outlier
41,1,1,0,6,1,3,2,3,4,4,4,2,2,2,2,2,3,1,1,2,1,2,4,2,5,5,5,1,1,2,2,2,2,3,1,4,2,2,2,4,3,3,4,1,1,1,1,1,inlier
42,1,0,0,6,1,1,3,3,4,4,1,4,2,4,3,2,4,3,1,5,1,1,2,2,5,5,5,1,1,2,2,5,2,2,2,3,2,2,1,2,5,2,4,2,4,4,1,5,inlier
31,1,4,0,1,1,4,4,3,4,4,4,4,4,3,3,4,3,3,3,2,2,3,3,3,3,3,3,3,3,2,2,3,2,4,4,3,3,3,3,4,4,4,4,3,3,3,3,3,inlier
43,1,1,1,20,1,2,3,3,5,3,4,1,5,2,4,2,5,4,5,2,1,1,2,1,5,5,5,1,2,1,1,2,5,3,5,5,5,1,1,3,1,4,2,2,2,2,1,2,inlier
32,1,4,0,4,1,2,3,2,5,4,2,2,4,2,2,2,4,2,2,3,1,2,3,3,4,4,5,1,1,1,1,2,2,3,1,2,1,2,1,5,5,5,5,2,3,4,1,1,inlier
52,1,5,0,7,1,4,4,4,4,4,3,4,3,3,3,2,4,3,3,3,1,3,4,3,4,3,4,1,2,2,2,3,1,2,1,4,4,3,3,5,5,5,5,2,2,2,1,1,inlier
33,1,1,0,10,1,3,4,4,5,5,4,4,4,4,4,3,5,4,4,5,2,1,3,2,5,5,5,2,1,4,4,4,2,3,3,4,4,4,4,4,3,3,3,3,5,5,3,4,outlier
45,1,0,1,20,1,4,4,4,4,4,3,4,4,4,4,4,2,4,4,3,3,4,3,3,4,4,4,4,2,4,4,4,2,2,3,3,3,4,4,4,3,4,3,4,4,4,3,2,inlier
54,1,1,1,4,1,1,1,2,5,3,5,3,3,2,3,3,1,1,2,4,1,1,3,1,4,4,4,1,1,1,1,1,1,1,1,1,1,1,1,4,2,4,4,1,1,3,1,1,inlier
38,1,0,0,7,1,4,3,3,1,1,2,2,2,3,3,4,4,3,3,3,4,4,4,4,3,2,2,5,4,4,4,4,4,4,3,3,3,4,4,1,2,2,2,3,3,2,5,4,inlier
40,1,5,1,17,1,2,2,2,3,3,3,2,3,2,3,2,5,3,3,3,1,1,4,1,4,4,4,1,1,1,1,2,3,3,4,4,4,2,2,4,2,4,3,2,2,3,2,2,inlier
37,1,0,1,6,1,3,3,4,4,4,3,4,4,3,3,3,4,3,3,4,2,2,2,2,4,5,5,3,3,3,2,3,1,4,3,2,3,3,4,3,5,5,5,4,5,5,1,2,inlier
39,1,0,0,10,1,3,3,5,2,2,3,4,3,3,4,2,3,4,4,4,4,3,4,4,4,4,5,4,2,3,3,3,1,3,3,2,2,5,5,5,3,5,4,5,5,5,2,4,outlier
42,1,0,1,19,1,3,2,3,5,5,3,4,4,2,2,4,3,3,2,2,1,3,2,4,3,2,3,3,1,1,1,3,1,1,1,2,3,2,2,2,2,2,2,2,3,3,1,2,inlier
36,1,0,1,12,1,2,2,2,5,4,4,4,4,3,4,3,5,3,2,2,1,2,3,3,5,5,5,1,1,1,1,3,2,1,3,2,2,2,2,4,2,4,4,1,1,4,1,2,inlier
39,1,0,1,12,1,2,3,3,4,3,4,4,4,2,4,3,4,2,3,2,1,2,4,3,5,5,5,1,1,1,1,4,1,2,2,5,4,3,3,5,4,3,3,2,3,4,1,1,inlier
34,1,2,0,5,1,3,3,3,4,4,3,4,4,4,4,4,3,4,3,3,1,3,4,3,5,5,4,1,1,2,2,3,1,1,2,4,3,2,2,4,3,3,4,1,3,3,1,1,inlier
42,1,1,0,14,1,4,4,5,5,4,3,5,4,4,4,4,2,4,3,3,1,3,4,3,4,5,5,3,1,2,2,3,2,4,2,4,3,3,3,5,5,4,5,4,4,4,1,1,inlier
48,1,5,0,6,1,3,2,3,5,5,2,3,3,4,4,3,3,2,3,2,2,2,2,3,4,4,5,3,3,2,2,4,2,2,1,3,4,3,3,5,2,2,2,4,4,4,1,2,inlier
42,1,5,0,3,1,4,4,4,5,5,3,4,5,3,4,3,5,4,4,3,2,2,5,2,5,5,5,1,1,2,2,3,2,4,1,5,5,4,3,5,3,4,5,1,4,5,1,1,inlier
36,1,1,0,4,1,3,3,3,3,3,3,3,3,3,4,3,5,4,4,3,1,2,4,2,4,5,5,1,1,1,1,2,3,4,2,4,3,1,1,3,3,3,3,1,1,1,1,1,inlier
52,1,1,0,2,1,2,2,2,3,4,4,3,3,2,2,2,5,2,3,3,1,2,4,4,4,5,5,1,1,2,2,3,5,5,5,5,5,2,3,4,4,4,4,2,3,3,3,5,inlier
28,1,4,0,1,1,3,3,3,5,4,4,4,4,3,3,3,3,3,3,4,3,4,4,4,4,4,4,3,3,2,4,4,3,5,2,5,5,3,3,4,3,3,4,3,3,3,3,2,inlier
56,1,0,0,8,1,3,4,4,5,5,3,4,4,3,4,4,2,3,2,3,2,2,4,2,3,4,4,2,3,3,3,3,2,2,2,4,4,4,4,5,5,5,5,3,2,4,1,2,inlier
37,1,3,0,8,1,3,3,3,4,3,2,3,3,3,3,3,5,3,3,3,2,2,3,2,4,4,4,2,2,3,2,2,2,4,2,4,4,3,3,3,3,3,3,3,3,2,2,3,inlier
39,1,5,0,8,1,4,2,2,5,4,3,3,4,3,3,2,5,2,3,3,1,1,4,2,4,5,5,1,1,3,2,4,2,3,3,4,4,2,2,5,5,5,5,1,3,4,1,2,outlier
45,1,0,0,15,1,2,1,2,4,4,4,3,3,3,3,4,3,1,2,2,2,2,2,2,4,4,4,2,1,2,2,3,2,3,2,4,4,3,3,5,5,5,5,2,3,2,1,1,inlier
31,1,5,0,4,1,3,4,5,5,5,2,4,4,3,4,3,3,2,1,2,1,2,3,4,5,5,5,2,1,4,5,2,2,5,4,4,2,3,3,5,5,5,5,5,5,5,1,1,inlier
36,1,0,0,10,1,2,2,2,5,5,2,2,3,4,4,2,4,4,1,2,1,2,2,2,4,3,3,1,1,1,1,2,1,3,3,4,2,1,1,5,4,5,5,1,3,4,1,1,inlier
55,1,1,0,15,1,3,4,3,4,4,4,4,4,3,3,3,3,3,3,3,3,2,3,3,4,4,4,3,3,3,3,4,1,2,2,4,4,3,4,4,3,4,3,3,4,4,2,5,inlier
45,1,1,0,3,1,2,2,2,5,5,5,5,5,2,2,5,2,2,2,5,2,2,4,3,5,5,5,2,3,2,2,2,4,5,1,5,3,2,2,5,5,5,5,2,2,2,2,4,inlier
48,1,0,1,23,1,2,3,2,5,4,3,1,3,4,4,4,5,2,1,3,1,1,5,1,4,4,5,1,1,1,1,1,1,1,1,2,2,3,1,2,5,5,5,1,3,4,1,1,inlier
38,1,0,1,12,1,4,4,3,4,2,4,2,4,2,4,2,2,2,4,4,2,2,4,2,5,4,5,1,1,2,2,4,2,3,2,3,4,4,3,4,5,4,4,2,4,4,1,2,inlier
32,1,1,0,6,1,4,4,5,5,5,4,3,4,4,4,4,2,3,4,3,3,1,1,2,4,4,4,3,3,4,3,4,2,4,4,2,2,3,5,5,4,5,4,4,4,5,1,5,inlier
30,1,1,1,4,1,3,3,4,5,2,4,4,4,3,3,3,4,3,3,3,1,1,2,5,5,5,5,3,1,1,1,3,1,3,1,5,3,5,5,5,5,5,5,3,5,5,1,1,inlier
28,1,1,0,2,1,3,3,3,4,4,5,4,4,3,4,3,3,3,3,3,1,1,3,2,3,3,3,2,1,1,2,1,3,1,1,5,3,5,5,5,5,5,5,3,4,4,2,1,inlier
33,1,0,0,6,1,3,4,3,4,4,4,4,4,3,3,2,5,3,3,5,4,4,4,4,4,4,4,3,2,3,3,4,4,3,3,3,3,3,3,4,4,4,4,3,5,4,3,2,outlier
39,1,0,0,1,1,5,5,5,4,4,4,3,3,4,5,4,3,4,4,5,4,5,5,4,5,4,5,2,3,4,4,5,4,5,4,4,4,4,4,4,4,3,3,3,4,4,3,4,outlier
32,1,1,0,6,1,2,3,5,5,3,3,4,4,2,3,2,2,2,2,3,1,1,1,1,4,4,4,2,2,2,2,5,2,2,1,3,3,2,3,5,2,2,5,4,5,5,1,2,inlier
50,1,1,1,27,1,2,2,3,5,4,3,4,4,4,4,3,4,3,2,4,1,2,2,2,5,5,4,2,1,1,1,2,1,4,1,4,3,2,2,5,5,5,5,4,2,4,1,1,inlier
38,1,3,0,7,1,4,4,4,4,4,3,3,5,3,4,4,3,3,4,5,2,3,2,3,4,5,4,1,4,3,3,4,4,4,3,5,4,4,5,4,2,5,3,3,4,2,1,4,inlier
42,1,4,1,20,1,2,2,3,4,4,3,3,3,2,3,2,3,2,2,3,2,1,3,2,4,3,4,2,1,2,2,3,1,3,2,3,2,2,2,3,3,3,3,2,3,2,1,1,inlier
50,1,1,1,11,1,1,2,2,5,5,3,4,4,2,2,2,2,1,2,3,1,1,3,2,5,5,4,1,1,1,1,1,1,4,4,3,3,2,2,5,5,5,5,2,2,2,1,2,inlier
36,1,0,0,3,1,4,3,4,5,5,5,5,5,4,4,4,3,4,5,5,3,4,5,4,5,5,5,4,2,4,4,4,4,4,2,5,4,5,5,4,4,3,3,4,5,5,4,1,outlier
42,1,5,1,15,1,3,3,3,4,4,4,4,4,3,3,3,3,3,3,3,3,3,3,3,3,3,3,2,3,3,3,3,3,2,3,3,3,3,3,3,3,3,3,3,3,3,3,3,inlier
35,1,0,0,4,1,5,5,4,5,4,2,4,4,4,3,3,5,3,3,3,2,3,3,4,4,3,5,2,2,3,3,5,3,3,2,4,4,4,4,4,5,5,3,5,5,5,1,2,inlier
42,1,0,1,4,1,2,2,3,4,4,3,3,2,3,4,3,3,3,3,3,1,1,2,3,5,5,5,1,1,1,2,5,1,3,1,5,3,3,2,5,5,5,5,3,3,4,1,4,inlier
33,1,0,0,4,1,3,2,3,5,5,4,4,4,3,3,3,2,2,2,3,1,2,3,2,4,4,5,1,1,1,1,3,4,4,2,4,4,2,2,4,2,2,4,2,4,4,2,1,inlier
31,1,5,0,4,1,2,3,2,3,3,3,4,4,2,3,2,5,1,3,3,1,1,2,2,4,4,4,1,2,2,2,2,2,3,3,5,5,4,3,3,5,5,3,2,2,4,2,2,inlier
38,1,1,0,1,1,4,2,3,3,4,3,5,5,3,5,2,3,3,3,3,2,2,4,4,5,5,5,2,1,2,3,5,1,1,2,4,4,3,3,5,5,5,5,4,5,5,1,5,inlier
41,1,1,1,18,1,2,3,3,5,1,3,4,3,1,2,1,1,3,3,3,1,2,4,4,4,5,5,2,2,2,2,3,3,3,2,4,4,3,3,5,5,5,5,1,2,2,3,1,inlier
31,1,3,0,7,1,3,4,3,4,4,2,4,4,3,3,2,2,3,2,3,1,2,2,2,4,4,3,1,1,2,2,2,1,1,1,3,3,2,2,2,2,2,2,1,2,3,1,1,inlier
32,1,5,1,8,1,3,2,3,4,4,3,5,4,3,3,3,4,3,2,3,1,2,3,3,4,4,3,1,1,1,2,2,1,3,1,3,2,1,1,4,3,4,3,3,4,4,1,1,inlier
46,1,1,0,5,1,1,2,2,5,5,3,1,5,3,3,1,5,3,2,3,1,2,2,1,5,5,5,1,1,1,1,3,1,3,1,1,1,3,3,1,1,2,1,1,3,3,1,1,inlier
41,1,0,1,14,1,3,3,3,3,3,3,3,3,3,3,3,3,3,3,3,3,3,3,3,3,3,3,3,3,3,3,3,3,3,3,3,3,3,3,3,3,3,3,3,3,3,3,3,inlier
31,1,1,0,4,1,2,2,3,4,4,3,3,4,3,4,3,5,3,3,3,2,3,4,3,3,3,3,1,1,2,2,3,1,2,1,2,1,1,1,3,3,3,3,2,2,4,2,1,outlier
35,1,5,1,8,1,3,2,3,5,3,2,4,4,3,3,3,3,4,3,1,1,2,2,2,4,4,5,2,1,1,3,2,3,2,3,1,3,2,3,5,2,2,5,4,4,4,1,5,inlier
44,1,5,1,20,1,4,2,3,5,5,4,5,5,2,3,3,2,2,2,2,1,2,1,2,2,3,5,2,2,2,1,1,3,2,2,2,1,2,2,3,3,3,3,2,3,2,2,2,inlier
39,1,5,0,16,1,2,3,2,4,4,4,5,5,3,3,2,5,1,2,2,1,1,2,1,5,4,5,1,1,1,1,2,1,1,1,3,2,3,3,4,3,5,5,1,2,2,1,1,inlier
32,1,0,0,7,1,2,3,4,5,5,3,5,4,5,5,5,2,5,3,3,1,1,1,3,5,5,4,3,1,3,2,3,1,3,2,1,1,2,2,5,5,4,5,4,5,5,1,1,inlier
52,1,1,0,9,1,3,5,5,5,5,4,5,5,4,5,3,3,2,4,4,5,2,2,3,5,5,5,3,3,5,5,5,4,5,4,4,4,4,4,5,5,4,5,5,5,5,2,4,inlier
48,1,0,0,5,1,3,3,3,5,5,5,4,5,4,4,3,3,3,2,3,2,2,2,2,3,4,5,3,2,1,1,4,1,2,1,5,5,3,3,4,4,4,4,3,3,3,1,5,inlier
31,1,3,1,4,1,3,2,3,4,4,3,3,4,3,4,3,4,3,3,3,1,2,4,3,4,4,4,1,1,1,1,3,1,1,1,3,4,3,2,4,3,5,3,1,1,1,1,1,inlier
34,1,1,1,6,1,3,2,5,4,5,5,5,5,3,4,3,4,3,3,3,1,2,2,2,5,5,5,3,2,1,1,3,2,3,2,2,2,3,3,5,4,4,4,4,4,4,2,1,inlier
46,1,1,0,4,1,4,4,4,4,4,4,4,4,3,3,3,3,3,3,3,3,3,3,3,3,4,3,4,3,4,4,3,3,2,3,4,4,4,4,3,3,4,3,4,3,4,3,4,outlier
39,1,0,1,14,1,2,2,2,5,5,4,4,4,2,4,2,5,2,4,4,2,2,2,2,4,2,5,2,2,2,2,2,2,4,4,3,1,2,3,4,4,4,5,2,4,4,2,2,inlier
30,1,3,0,3,1,4,3,4,5,5,4,5,4,4,4,4,2,4,4,4,3,3,5,4,4,4,5,4,4,5,4,4,2,4,3,4,1,4,4,5,4,4,5,4,4,4,3,4,outlier
36,1,0,1,13,1,3,3,4,5,4,4,3,4,4,4,3,2,4,4,4,1,3,4,2,5,5,5,3,1,3,3,2,2,1,1,3,3,3,3,5,4,4,4,4,5,5,1,1,inlier
45,1,3,1,4,1,3,3,3,4,2,2,4,4,3,2,2,3,2,3,3,3,3,3,3,4,4,4,3,3,3,3,4,3,2,3,3,3,3,3,5,5,5,5,4,4,4,3,3,inlier
33,1,0,0,1,1,4,3,4,4,4,3,3,4,4,4,3,5,3,4,3,4,4,4,2,5,5,5,3,1,4,4,3,3,5,3,5,5,4,4,4,4,4,4,4,4,5,1,5,inlier
44,1,0,0,5,1,2,2,2,5,5,4,4,5,3,3,3,4,2,3,3,2,2,4,3,5,5,5,2,2,3,3,3,2,5,4,3,3,3,4,5,5,5,5,3,3,4,2,3,inlier
40,1,0,0,4,1,4,3,3,5,5,5,4,4,4,4,4,3,4,4,3,4,3,5,5,5,5,5,4,3,2,2,4,2,4,5,5,5,4,5,5,3,5,4,4,5,5,1,1,inlier
43,1,1,0,5,1,4,3,2,5,4,5,1,4,2,2,2,4,4,4,3,1,3,4,5,4,4,4,1,1,1,2,1,1,2,2,4,4,1,1,5,3,5,4,2,2,2,1,4,outlier
31,1,0,1,5,1,4,4,4,4,4,4,4,4,3,4,3,3,3,4,4,2,3,4,4,5,5,5,2,4,3,3,3,2,2,3,3,3,3,3,5,5,5,4,3,3,4,1,4,inlier
33,1,1,1,4,1,2,4,5,5,5,3,5,5,4,3,4,2,3,3,4,1,2,4,2,4,4,4,1,4,3,2,4,3,2,3,4,4,3,4,4,3,3,3,3,4,5,2,4,inlier
38,1,1,0,4,1,4,4,4,3,4,3,4,4,5,5,5,2,4,4,4,2,3,3,4,3,2,2,1,1,1,2,5,1,1,4,2,2,5,4,5,1,1,2,2,2,4,2,1,inlier
43,1,5,1,17,1,3,3,3,4,3,3,3,4,3,3,3,3,4,4,4,1,3,3,4,3,4,4,1,1,2,2,5,1,1,1,2,2,5,4,5,1,1,2,2,4,4,1,1,inlier
31,1,2,0,3,1,2,2,3,5,4,3,4,4,3,3,2,5,3,3,3,4,3,4,3,4,5,4,1,1,3,3,3,1,3,1,5,4,3,3,4,3,3,3,2,3,2,1,1,inlier
41,1,5,1,15,1,2,2,2,4,2,2,3,2,2,2,2,5,3,2,3,1,2,4,2,4,2,4,2,2,2,2,2,2,2,2,2,2,2,2,4,5,4,3,2,2,2,2,2,inlier
54,1,5,0,20,1,2,3,3,4,4,2,3,3,3,3,2,4,3,2,2,1,1,4,3,5,5,4,2,1,2,2,2,2,2,2,5,4,3,3,5,5,5,5,3,4,4,1,1,inlier
38,1,0,1,11,1,2,2,2,5,3,2,2,5,2,2,2,5,2,2,2,1,1,1,1,3,2,2,1,1,1,1,2,2,2,1,5,4,2,2,2,3,3,3,2,4,4,1,1,inlier
52,1,1,0,5,1,3,3,4,5,5,1,3,3,3,3,3,3,3,3,1,1,3,4,4,5,4,5,1,1,3,3,4,1,2,1,3,4,2,1,3,3,4,4,2,4,5,1,3,outlier
33,1,0,0,4,1,2,2,2,3,3,3,3,3,3,3,2,4,3,2,2,1,2,3,3,4,5,5,1,1,2,2,3,3,4,5,1,2,3,3,3,3,3,3,3,3,2,2,3,inlier
35,1,0,0,1,1,3,3,3,5,3,3,5,5,3,2,2,4,3,3,3,1,3,4,3,4,3,5,1,1,2,3,2,5,5,3,3,3,3,3,3,3,3,3,2,4,5,1,2,inlier
40,1,5,0,5,1,3,3,3,3,3,3,3,3,4,4,4,4,3,3,3,3,2,3,2,5,5,5,1,4,3,2,2,4,4,2,5,3,3,3,3,3,3,3,4,4,4,4,4,inlier
48,1,1,0,4,1,3,3,3,4,4,3,3,4,3,4,3,4,3,3,3,2,2,4,2,4,5,5,1,1,3,3,3,1,3,3,4,3,3,3,5,4,5,4,3,3,2,1,2,inlier
39,1,3,0,4,1,3,3,3,5,5,3,3,4,1,4,3,3,3,2,3,3,3,3,3,3,3,3,1,1,3,3,3,1,3,1,5,5,1,3,5,5,5,5,2,2,2,1,4,inlier
49,1,1,0,3,1,4,4,5,5,5,2,5,3,4,4,4,2,3,3,3,3,3,4,3,4,5,5,1,1,3,1,4,1,3,2,3,3,3,3,4,2,2,3,3,2,3,1,5,inlier
33,1,0,1,7,1,3,2,2,5,4,4,5,2,2,2,1,5,3,2,1,1,2,2,1,4,4,4,1,1,2,1,2,4,4,3,1,1,1,1,3,1,2,4,2,2,1,1,3,inlier
35,1,0,0,4,1,3,3,2,5,4,2,4,4,5,5,4,3,3,2,2,1,2,2,2,3,4,4,1,1,1,1,3,5,3,1,5,4,2,2,5,5,5,5,2,4,4,1,1,inlier
44,1,1,0,4,1,5,5,5,5,5,3,5,5,4,4,3,3,3,3,3,3,4,4,3,4,4,5,3,1,3,3,4,3,3,3,5,3,3,3,3,3,5,3,5,5,5,1,3,inlier
45,1,1,0,20,1,3,3,3,5,5,3,4,5,5,5,5,3,5,3,3,3,3,5,3,5,5,5,1,1,4,5,5,5,3,1,5,3,4,3,5,5,5,5,3,5,5,1,5,inlier
43,1,1,0,0,1,2,2,3,3,5,2,2,2,3,3,3,4,3,2,3,3,2,2,3,3,2,2,1,3,2,3,2,2,3,4,4,3,3,4,3,3,3,4,3,3,3,3,4,inlier
35,1,1,0,3,1,2,2,4,4,4,3,4,3,4,4,3,3,4,4,4,4,3,3,2,4,4,4,4,1,4,3,4,5,5,1,4,4,3,4,4,3,3,4,4,4,4,5,1,outlier
29,1,0,0,1,1,5,1,5,5,5,5,3,3,4,5,4,4,5,1,3,3,3,4,3,5,5,5,5,4,5,5,5,3,5,5,4,4,5,5,5,5,5,5,5,5,5,1,2,inlier
35,1,0,0,4,1,4,4,4,5,5,4,4,4,4,4,4,3,4,2,3,3,4,4,5,5,4,5,2,2,4,4,4,4,5,3,5,5,4,4,5,5,5,5,4,4,5,2,3,inlier
41,1,4,0,3,1,5,3,5,5,5,5,3,5,3,3,2,4,4,3,3,4,4,4,1,5,5,5,4,3,4,3,3,5,5,5,5,5,3,4,5,5,2,2,4,4,4,3,5,outlier
48,1,1,1,21,1,2,2,2,3,3,4,4,4,2,2,3,4,3,3,3,1,1,3,2,5,5,5,1,1,3,2,2,5,5,5,5,4,3,3,3,4,3,4,3,3,2,1,4,inlier
35,1,0,0,2,1,4,4,4,5,4,4,4,5,3,4,2,4,2,4,4,2,2,2,2,4,5,5,1,1,2,2,4,3,2,2,5,5,3,3,5,5,2,5,2,2,4,1,5,inlier
48,1,1,1,3,1,3,3,4,3,3,1,2,2,3,3,2,3,3,3,2,3,3,3,2,3,3,3,3,4,3,2,3,1,1,1,4,5,3,3,5,3,4,3,3,4,4,1,2,inlier
37,1,1,0,6,1,3,3,3,5,5,1,4,4,4,4,4,2,3,3,2,2,3,3,2,5,5,4,2,1,3,2,5,1,2,1,4,5,3,3,4,4,3,3,4,4,4,1,4,inlier
33,1,0,0,6,1,3,4,4,5,5,5,3,5,2,3,2,3,1,3,4,1,2,4,4,5,5,5,2,1,3,5,3,2,2,4,3,4,3,2,4,4,2,5,2,4,5,3,3,outlier
36,1,5,0,11,1,3,3,3,3,3,3,3,3,3,3,3,4,4,3,3,1,3,4,3,3,3,3,1,1,1,1,3,1,2,2,3,2,2,2,3,3,4,4,1,1,1,1,1,inlier
40,1,5,0,10,1,4,4,4,5,5,3,5,4,3,3,3,3,2,4,4,4,4,4,4,5,5,5,3,3,4,4,5,4,4,4,5,4,4,5,4,4,5,4,4,4,4,3,5,inlier
31,1,3,1,7,1,3,4,4,5,5,3,5,5,4,4,5,3,4,4,4,2,3,4,3,4,4,5,3,1,3,4,3,1,4,2,4,4,4,3,3,3,4,5,3,5,5,1,1,inlier
53,1,0,0,3,1,3,3,3,4,4,4,4,4,2,3,2,3,3,3,3,2,2,3,2,4,4,4,1,1,2,2,3,3,2,2,4,4,3,3,4,4,3,3,2,2,3,1,2,inlier
31,1,3,1,6,1,1,1,3,5,4,3,1,2,3,3,2,3,3,3,3,1,1,2,2,2,5,5,1,2,2,2,1,1,4,3,5,4,2,2,3,2,3,5,3,3,3,2,3,inlier
38,1,1,0,15,1,3,3,2,5,5,4,4,4,4,4,4,3,2,3,4,1,2,4,2,4,4,4,1,2,1,1,2,1,1,1,3,4,2,3,4,4,2,2,2,3,3,2,4,inlier
33,1,2,1,10,1,5,5,4,5,5,5,5,5,3,3,3,3,2,2,3,1,1,4,2,4,5,5,1,1,1,1,2,3,3,2,5,5,4,4,3,2,2,4,3,3,3,2,4,inlier
31,1,5,1,5,1,3,3,3,3,3,3,4,4,2,2,3,3,3,3,3,3,2,2,2,3,3,3,3,3,3,3,2,3,1,1,3,3,3,4,3,3,2,1,3,3,3,3,1,inlier
33,1,3,1,8,1,2,3,3,5,4,3,3,5,4,4,4,5,4,3,4,3,3,4,3,4,3,5,2,1,2,2,4,2,4,2,4,3,3,3,4,3,3,5,3,4,4,1,3,inlier
45,1,2,0,3,1,4,4,4,4,4,3,4,4,4,4,4,2,4,4,3,1,3,3,4,4,4,4,2,1,3,1,4,1,2,1,4,3,3,3,4,3,3,5,3,4,4,1,3,inlier
34,1,0,1,6,1,2,4,3,4,5,3,5,3,4,5,4,3,5,3,2,2,1,2,4,5,5,4,2,2,3,3,3,3,4,3,5,3,3,3,5,3,3,5,5,5,5,1,4,inlier
31,1,0,0,7,1,5,4,4,5,5,4,5,4,4,4,3,2,3,3,3,1,1,2,2,4,4,5,2,2,4,2,4,4,4,4,4,4,3,4,5,3,4,5,4,3,5,1,2,inlier
33,1,1,0,2,1,2,2,2,5,5,4,3,2,3,3,2,4,2,2,3,1,3,2,2,3,2,2,2,1,2,2,4,2,3,1,4,4,2,2,4,3,5,5,4,3,5,1,3,inlier
47,1,1,0,15,1,3,3,4,4,4,3,4,4,3,4,4,3,4,4,3,3,3,4,4,4,4,4,2,2,4,4,4,1,1,1,4,4,4,4,4,4,4,4,3,4,4,1,4,inlier
28,1,3,0,3,1,4,4,3,3,4,4,4,3,3,3,3,4,4,4,4,4,3,3,3,5,5,5,5,4,3,3,4,4,2,3,5,5,5,4,5,4,5,4,4,4,2,4,3,outlier
37,1,1,0,2,1,2,2,5,5,5,2,3,3,5,4,4,4,4,2,4,4,2,4,3,3,5,5,1,1,1,1,4,1,1,1,5,4,2,2,4,4,4,3,1,1,5,1,4,inlier
35,1,0,0,5,1,4,4,4,4,4,3,4,4,3,4,3,4,4,3,3,3,4,3,3,4,4,4,3,3,4,4,3,2,4,2,4,4,4,4,4,3,3,3,3,3,2,2,3,inlier
47,1,0,0,3,1,3,2,3,4,4,3,2,3,3,3,2,2,3,3,3,2,2,4,3,4,4,4,2,2,2,2,3,2,2,3,3,2,2,2,3,3,2,2,2,3,3,1,3,inlier
35,1,1,0,2,1,5,5,5,5,5,5,5,5,5,5,5,3,5,3,3,5,5,3,3,5,5,5,3,1,5,5,5,5,5,3,3,3,5,5,5,5,3,3,5,5,5,1,5,inlier
44,1,3,0,15,1,2,2,2,4,2,2,1,2,1,1,1,5,1,2,2,1,2,2,2,3,1,4,1,1,1,1,4,1,1,1,5,3,3,3,5,5,5,5,1,3,3,1,1,inlier
35,1,0,0,2,1,4,4,4,4,4,4,4,4,4,4,3,3,3,3,4,2,2,3,3,4,4,5,2,2,3,3,4,4,4,3,3,3,3,4,5,3,3,5,3,3,3,2,2,inlier
27,1,1,1,1,1,2,2,4,3,3,4,2,3,2,2,2,2,2,2,3,2,2,4,4,4,3,3,2,1,2,3,3,2,2,4,3,2,2,2,2,2,3,3,4,4,4,1,2,inlier
54,1,3,0,2,1,3,2,3,4,4,3,4,4,2,3,2,3,3,3,3,3,2,3,4,4,4,4,3,1,4,4,3,2,2,2,5,4,3,3,3,3,4,3,4,4,4,2,3,inlier
39,1,0,0,1,1,5,5,5,5,5,3,5,5,3,4,4,3,4,3,3,2,3,3,3,5,5,5,1,1,3,3,5,2,3,2,4,4,4,4,5,5,5,3,4,4,4,1,1,inlier
30,1,0,0,2,1,2,2,2,2,2,2,2,2,2,2,2,2,3,2,2,3,2,2,3,2,2,2,3,3,3,3,2,3,3,3,3,3,3,3,3,3,3,3,3,3,3,3,4,outlier
42,1,5,1,13,1,2,1,2,5,4,2,4,3,3,2,3,5,2,2,2,1,2,4,2,4,4,3,1,1,1,1,2,1,3,1,5,5,2,2,3,3,3,3,4,4,4,1,1,inlier
35,1,0,1,3,1,4,4,4,5,5,3,4,4,4,4,4,3,3,3,3,1,3,5,3,5,5,5,2,1,1,1,4,1,2,2,5,5,3,3,5,4,4,4,2,2,5,1,1,inlier
36,1,3,0,1,1,4,3,3,5,4,3,5,5,3,3,2,4,3,4,3,2,2,3,3,5,5,5,2,1,3,3,4,1,2,1,5,5,3,3,4,5,5,4,2,4,4,1,2,inlier
32,1,0,0,10,1,4,3,3,5,3,3,4,3,3,3,2,5,3,3,3,1,2,5,3,5,3,4,1,3,1,1,5,3,4,3,3,3,3,2,3,1,3,1,1,3,4,2,2,inlier
48,1,3,0,1,1,5,5,5,4,4,4,4,4,4,4,4,4,4,4,4,3,4,4,4,4,4,4,2,2,3,3,4,2,2,2,5,5,5,5,4,4,4,4,2,2,2,3,2,inlier
30,1,0,0,4,1,2,2,2,4,4,2,3,3,3,3,2,2,2,2,2,2,2,2,2,5,5,5,2,1,2,2,3,2,2,3,3,2,3,3,5,5,5,5,4,3,4,2,3,outlier
35,1,2,0,10,1,4,4,4,4,4,3,5,2,4,4,4,2,4,4,3,2,3,4,4,2,4,4,3,4,4,4,4,4,5,1,5,4,4,4,5,2,4,5,3,4,5,1,5,inlier
47,1,1,0,9,1,3,3,3,5,4,3,4,4,3,3,3,3,2,4,3,1,2,2,2,5,5,5,1,1,3,3,3,1,1,1,5,5,3,3,5,5,5,5,2,2,2,1,1,inlier
44,1,4,0,9,1,5,4,5,5,4,4,5,5,4,4,3,3,3,3,4,2,4,3,3,5,5,5,3,3,3,3,3,4,5,4,5,5,3,3,5,3,5,4,3,3,2,3,3,inlier
31,1,1,1,4,1,3,3,3,5,5,3,4,4,2,4,3,3,3,3,3,1,2,3,3,3,3,5,1,1,2,1,3,1,1,2,4,4,2,2,3,2,2,2,2,3,3,1,3,inlier
43,1,5,0,10,1,2,2,4,5,5,3,5,4,4,4,4,4,4,3,3,1,3,4,4,5,5,5,2,2,4,4,4,1,1,1,3,3,4,3,4,3,3,2,1,4,4,1,1,inlier
41,1,0,1,3,1,2,2,2,4,4,3,3,3,3,3,2,3,3,3,3,1,3,3,4,4,4,4,2,2,2,2,2,2,4,2,4,4,3,3,4,4,4,4,2,2,2,1,2,inlier
38,1,1,0,1,1,2,2,3,5,5,3,3,3,3,3,3,3,2,3,3,1,1,4,2,5,5,5,2,1,1,1,2,1,3,1,5,5,2,2,4,3,4,4,2,2,2,1,4,inlier
40,1,1,1,9,1,3,3,4,5,5,3,3,4,3,3,3,3,3,3,3,2,2,3,3,5,5,5,3,3,3,3,4,1,3,3,3,3,4,4,5,5,3,5,3,3,3,1,1,inlier
27,1,0,0,4,1,1,1,1,5,5,5,1,5,3,2,3,2,4,1,5,1,1,4,1,5,5,5,3,1,1,1,1,3,4,3,5,5,1,1,4,3,4,2,3,3,3,1,1,inlier
49,1,1,0,0,1,2,2,3,4,3,3,2,3,2,2,2,2,2,2,2,1,2,2,2,5,5,5,1,1,2,2,3,1,3,3,3,3,2,2,3,4,5,5,2,2,2,2,2,inlier
23,1,1,0,0,1,2,2,2,4,4,3,4,3,3,4,3,4,2,2,3,1,2,3,2,5,3,5,1,1,1,2,2,1,3,1,3,3,2,2,5,5,5,5,2,2,4,1,1,inlier
40,1,5,0,1,1,3,3,3,4,3,3,4,3,4,4,4,2,3,3,3,2,3,4,3,3,4,4,1,1,3,3,3,1,3,1,3,3,3,4,4,4,3,3,3,3,3,1,2,inlier
63,1,0,1,36,1,4,4,4,4,4,3,4,4,4,4,3,2,3,3,3,3,3,3,3,4,4,4,1,1,4,4,4,1,2,1,3,3,3,3,3,3,3,3,3,3,4,1,1,inlier
56,1,3,1,16,1,2,2,3,4,2,3,4,4,2,2,2,4,2,3,3,2,2,4,3,4,4,4,2,1,2,2,4,1,3,1,5,4,3,3,4,3,4,4,4,4,4,1,1,inlier
60,1,3,0,4,1,2,2,2,5,2,2,5,3,1,1,1,5,1,3,3,2,2,4,2,4,3,3,2,1,2,2,3,2,2,2,5,4,3,3,4,3,4,4,4,4,4,1,1,inlier
50,1,0,1,19,1,2,3,3,2,4,2,3,2,2,2,2,4,2,2,2,1,2,2,3,4,4,4,2,1,2,1,5,2,2,3,5,4,1,2,4,4,4,4,1,3,2,1,3,outlier
43,1,1,0,20,1,3,3,3,5,5,4,5,4,3,4,3,4,3,3,5,1,1,3,3,5,5,5,1,1,1,1,3,3,4,3,4,3,3,2,4,3,3,4,4,3,4,1,3,inlier
51,1,1,0,19,1,2,2,2,4,3,4,2,2,2,3,2,2,1,1,3,1,3,3,2,3,3,3,1,1,1,1,2,1,4,3,4,3,3,2,4,3,3,4,2,3,1,1,2,inlier
62,1,3,0,15,1,2,5,4,5,5,4,3,3,4,3,3,3,4,3,3,3,3,3,3,4,3,3,3,2,4,2,4,1,2,1,3,3,3,4,3,2,3,1,4,3,2,1,2,inlier
46,1,1,1,21,1,3,4,5,4,5,4,5,5,4,4,4,1,4,3,3,4,1,1,3,5,5,5,4,1,5,3,5,3,2,4,4,4,4,5,4,4,5,5,5,4,4,1,1,inlier
49,1,1,1,23,1,3,3,3,5,5,4,4,4,3,3,3,2,3,3,3,1,1,3,5,5,3,5,2,3,4,4,4,4,4,4,2,3,4,3,4,4,4,4,4,4,4,1,2,inlier
42,1,5,0,19,1,2,2,3,4,3,2,3,3,3,3,3,3,3,2,2,2,3,3,3,3,3,5,2,2,3,3,3,2,2,2,4,3,3,3,3,2,3,2,2,2,4,1,2,outlier
45,1,3,1,20,1,2,2,2,4,2,1,2,2,3,3,3,2,2,2,1,1,2,2,2,2,3,2,1,1,1,1,2,1,1,1,3,3,2,2,2,2,2,2,2,3,4,1,1,inlier
41,0,2,1,3,0,3,3,4,4,3,3,4,4,4,4,3,4,4,3,3,4,4,4,2,4,4,4,3,2,4,4,4,2,3,2,4,4,4,4,4,4,4,2,4,4,4,2,2,inlier
52,0,0,1,30,0,3,2,3,4,4,2,4,4,4,3,3,2,3,2,3,1,2,4,3,4,4,5,1,1,4,3,1,1,4,2,4,2,2,1,1,2,2,2,1,3,4,1,1,inlier
43,1,0,0,17,0,4,3,3,3,4,4,3,4,3,3,3,3,4,3,4,2,2,4,2,5,5,5,3,2,3,2,4,3,4,4,5,3,3,3,3,2,2,4,4,4,4,2,4,inlier
62,0,2,1,22,0,2,3,3,3,4,4,5,5,4,4,3,3,4,3,4,1,1,1,2,5,5,5,1,2,5,3,5,1,2,4,4,1,5,5,4,1,4,4,2,4,3,1,1,inlier
44,1,1,1,20,0,3,3,3,4,4,4,4,4,3,3,3,3,3,3,3,1,2,2,2,3,4,3,1,1,3,3,3,1,2,3,2,2,3,3,5,4,5,4,3,3,3,1,1,inlier
41,1,1,1,11,0,4,4,3,5,5,5,5,5,4,4,4,5,3,3,4,3,3,3,4,5,5,5,3,3,3,3,4,3,4,5,5,3,3,3,3,3,3,3,3,4,4,1,1,inlier
37,1,4,1,6,0,4,4,5,5,5,3,4,5,4,5,4,1,4,3,5,3,5,5,5,5,4,5,4,1,1,1,5,2,3,3,3,3,3,5,4,4,4,4,5,5,5,2,1,inlier
46,1,1,1,20,0,3,3,4,4,4,3,4,4,2,2,3,4,2,3,5,1,2,3,3,4,5,5,1,2,2,2,3,1,3,4,4,4,2,2,4,3,4,4,2,3,3,1,3,inlier
43,0,3,1,15,0,3,2,3,5,4,3,4,4,3,3,2,5,3,2,3,1,2,5,4,5,5,5,1,1,2,2,3,1,1,1,5,5,2,2,3,3,3,2,2,4,4,1,4,inlier
28,0,4,1,1,0,4,4,3,5,5,5,4,3,3,3,4,4,4,3,3,1,2,3,4,4,5,4,3,3,1,1,3,2,4,5,4,2,3,3,3,1,1,1,3,3,3,3,3,inlier
25,0,1,0,1,0,3,3,3,5,4,3,4,4,4,3,3,4,4,3,3,1,2,4,3,5,5,4,1,1,3,3,4,2,4,3,4,3,3,3,4,4,4,4,1,4,4,1,1,inlier
29,1,4,0,2,0,4,5,3,5,5,3,5,4,4,4,3,3,3,2,3,1,1,4,2,5,5,5,2,1,3,2,4,1,3,3,4,4,2,2,2,4,4,2,4,5,4,1,1,inlier
61,0,3,1,37,0,3,4,4,5,5,3,4,4,3,4,3,4,3,3,3,1,2,4,3,5,5,5,1,1,1,1,4,1,1,1,4,2,1,1,1,1,1,1,1,3,3,1,1,inlier
65,0,0,1,43,0,3,4,5,5,4,5,5,5,4,4,4,2,4,4,4,1,5,5,5,4,5,5,1,1,4,4,5,4,1,4,5,1,4,2,1,1,1,5,4,4,4,1,4,outlier
53,0,3,1,12,0,3,2,3,4,3,3,3,3,2,3,2,5,3,3,3,1,1,3,1,4,2,5,1,1,1,1,2,3,4,2,4,3,2,2,2,4,4,4,1,1,1,1,1,inlier
49,0,1,1,18,0,3,3,4,5,4,3,4,4,3,3,2,3,3,3,2,3,2,2,3,2,4,4,2,1,4,4,4,1,1,1,2,1,3,4,3,3,3,1,4,4,4,1,1,inlier
35,1,0,1,8,0,1,1,2,5,3,3,4,3,3,3,3,3,3,1,2,1,1,2,1,3,5,4,1,1,1,1,1,4,4,3,2,3,1,1,3,3,1,2,2,3,2,1,2,inlier
35,0,0,0,7,0,4,1,5,5,4,3,5,4,4,5,4,2,5,2,3,1,2,1,4,5,2,4,3,1,1,1,4,3,4,5,1,1,2,1,3,1,1,5,5,5,5,1,5,inlier
44,0,2,0,3,0,4,4,4,5,5,4,4,4,4,4,4,3,4,4,3,3,3,3,3,5,4,5,4,4,4,3,5,4,5,3,1,2,5,5,5,5,5,5,4,4,4,3,4,inlier
31,1,0,1,7,0,2,2,2,5,5,4,4,5,4,4,3,4,4,4,2,1,1,2,3,4,4,5,1,1,2,3,3,1,3,4,3,1,2,2,4,4,4,1,3,3,4,2,2,inlier
37,1,4,1,5,0,2,3,4,5,5,5,4,4,4,4,4,2,4,3,3,2,4,5,4,5,3,4,3,1,3,3,4,1,5,2,4,3,3,4,4,4,4,3,4,4,5,1,1,inlier
31,1,5,0,4,0,3,3,1,5,4,3,4,4,3,4,4,3,1,3,3,1,1,1,2,3,4,4,1,1,1,2,1,1,3,1,4,5,2,1,3,3,3,3,1,2,4,1,1,inlier
60,0,2,1,35,0,4,5,5,5,5,4,5,4,4,4,3,1,2,3,3,5,2,4,3,4,2,4,4,1,4,5,5,1,1,3,4,5,5,5,3,3,3,3,5,5,5,2,1,inlier
33,1,0,1,5,0,4,2,3,3,5,4,2,5,2,5,3,4,3,4,2,1,3,2,3,5,5,5,1,2,2,4,3,4,4,4,3,3,3,3,3,3,3,3,5,4,1,1,1,inlier
48,0,0,1,19,0,3,2,3,4,4,3,4,1,3,3,3,5,2,1,3,1,1,4,4,4,3,5,1,1,2,2,2,2,2,2,4,4,1,2,5,3,5,4,3,3,4,1,1,inlier
46,0,2,1,15,0,3,3,5,5,4,3,4,4,3,3,3,4,3,1,4,3,3,2,3,4,3,4,2,2,4,2,4,2,2,1,2,4,3,3,2,2,2,2,3,5,5,1,1,inlier
53,0,5,1,26,0,2,3,3,4,4,2,5,5,4,4,3,5,2,2,3,1,2,4,4,5,4,5,1,1,2,2,3,1,1,2,4,4,2,2,2,3,4,2,2,4,4,1,2,inlier
47,0,0,0,20,0,5,4,5,5,5,4,3,5,4,4,3,3,4,4,3,3,4,4,5,5,5,5,4,4,5,5,5,4,5,3,4,3,5,5,4,4,3,4,4,4,5,1,4,inlier
31,0,0,1,1,0,4,5,4,5,5,5,5,5,5,5,5,1,5,5,4,5,2,2,3,4,4,5,4,4,5,5,3,1,3,1,4,2,5,5,5,5,5,5,5,5,5,2,5,outlier
36,0,4,1,10,0,4,4,5,5,4,3,4,4,4,4,4,4,4,3,3,3,4,4,4,5,4,5,4,2,4,4,4,1,2,2,4,4,4,4,4,4,3,3,4,5,5,1,2,inlier
25,1,1,0,3,0,3,3,3,5,5,3,4,5,3,2,3,4,2,1,2,1,2,2,3,4,3,5,1,1,2,4,4,1,2,2,3,3,2,2,1,4,2,2,3,4,3,1,1,inlier
24,1,0,0,2,0,3,3,3,5,5,5,3,2,3,4,4,3,3,4,2,1,1,2,2,3,4,4,3,3,1,1,3,1,3,1,3,3,3,2,4,2,2,4,2,3,3,1,1,inlier
45,0,1,1,18,0,3,3,3,3,3,3,2,3,3,3,2,5,3,3,3,1,3,3,3,3,3,5,1,1,1,1,3,3,3,1,3,2,2,2,3,3,3,3,2,3,3,1,3,inlier
33,1,1,1,3,0,2,2,3,4,4,3,3,3,3,4,3,3,3,3,3,1,2,2,3,4,5,5,2,1,3,3,2,1,2,1,3,2,2,2,3,3,4,4,2,4,4,1,1,inlier
54,1,0,1,30,0,3,3,3,4,4,5,3,3,2,2,2,2,3,3,4,1,2,4,3,3,4,5,1,1,1,1,3,1,1,3,5,3,2,2,2,1,2,2,2,2,1,1,2,inlier
29,0,4,0,5,0,4,4,5,5,5,4,4,4,5,5,5,3,5,2,2,2,3,4,4,5,5,5,4,2,4,4,5,3,4,3,3,2,4,4,4,4,4,5,5,5,5,4,5,inlier
62,0,0,1,37,0,5,5,5,4,4,3,5,3,4,4,4,5,4,3,3,2,3,3,3,4,4,5,2,3,4,3,5,1,2,1,3,1,3,3,5,5,5,5,4,5,5,1,3,inlier
29,0,4,0,1,0,3,3,4,5,4,3,4,3,3,3,2,3,2,2,3,5,2,4,4,5,5,5,1,3,4,4,3,2,3,2,2,3,4,4,4,5,4,4,3,4,4,1,2,inlier
28,0,3,1,4,0,2,2,3,5,3,4,5,5,4,4,2,4,3,3,3,1,3,4,3,5,5,4,3,1,3,3,3,4,2,4,4,3,2,2,3,5,4,3,3,5,5,3,1,inlier
58,0,3,1,31,0,3,4,3,4,3,2,4,4,2,3,3,4,3,3,3,2,2,3,3,2,3,4,2,1,3,3,3,1,1,1,4,3,3,3,4,4,4,4,2,2,2,1,1,inlier
62,1,0,1,22,0,4,3,4,5,5,3,4,4,4,4,4,2,4,3,3,2,3,4,4,4,4,4,1,1,2,2,4,1,1,1,4,3,3,3,4,4,4,4,4,3,4,1,1,outlier
37,1,2,1,15,0,4,3,4,4,5,3,4,4,2,3,3,4,3,2,2,1,2,3,2,3,4,5,1,1,1,1,3,1,1,1,2,2,2,2,3,3,4,4,3,3,1,1,1,inlier
60,1,3,1,20,0,3,3,3,5,5,4,4,4,3,3,3,4,3,3,4,1,3,4,4,4,4,4,2,1,2,2,4,1,1,1,2,1,2,4,3,3,2,1,1,4,4,1,1,inlier
45,0,0,1,25,0,5,5,5,5,5,5,5,5,5,5,4,2,4,3,4,4,3,5,4,5,5,5,4,2,3,3,5,1,2,4,1,1,3,3,1,2,4,4,5,5,5,2,1,outlier
45,1,5,1,20,0,4,2,3,5,4,3,4,4,4,4,3,2,4,3,3,3,2,4,4,4,4,4,2,2,3,3,3,1,1,4,2,3,3,4,4,4,5,4,3,4,3,1,1,inlier
36,0,5,1,14,0,4,4,4,5,4,5,4,4,4,4,3,5,4,2,2,1,3,4,3,5,5,5,1,2,5,2,4,3,1,1,3,1,4,4,3,3,1,1,3,5,5,4,4,inlier
38,0,0,1,15,0,4,4,3,4,4,5,5,5,4,4,3,5,4,1,2,1,3,4,2,5,5,5,2,1,2,2,5,3,3,5,2,1,1,2,2,1,2,3,3,4,5,1,1,inlier
30,1,0,0,5,0,2,2,2,5,5,5,2,2,2,3,4,1,2,2,2,1,3,5,3,5,5,5,1,1,1,1,2,1,2,2,4,1,2,2,2,2,2,2,2,2,2,1,1,inlier
45,0,0,0,15,0,3,3,4,4,4,2,4,4,4,4,4,2,3,3,3,2,3,2,3,4,5,5,2,2,2,2,4,3,4,2,3,3,2,2,2,2,2,2,4,4,4,2,2,inlier
28,1,3,0,1,0,4,4,3,5,5,3,5,5,3,4,3,3,3,3,3,3,2,2,2,4,5,5,1,3,4,4,4,2,2,3,3,3,4,4,4,4,4,4,3,4,4,1,3,inlier
45,1,0,1,11,0,5,5,5,5,5,3,5,5,5,5,5,1,5,3,3,1,3,2,3,5,5,5,5,2,5,4,5,2,1,5,3,1,3,3,5,5,5,5,5,5,5,2,5,inlier
48,1,0,1,5,0,3,3,3,5,4,3,5,2,3,4,1,4,2,3,3,1,1,5,3,5,5,5,2,2,2,2,4,1,2,2,2,2,2,2,4,4,3,4,4,5,4,1,1,inlier
48,0,4,0,24,0,1,4,4,5,4,4,2,5,4,4,3,4,5,5,5,2,4,5,4,5,5,5,4,1,4,4,4,1,1,3,5,4,4,4,5,3,5,5,5,5,5,2,5,inlier
26,1,0,0,1,0,1,2,3,5,4,3,4,5,3,4,2,5,3,2,2,1,2,3,2,4,4,4,2,1,2,2,2,1,3,3,3,3,2,2,5,4,3,5,2,4,5,1,1,inlier
48,1,1,1,22,0,3,3,3,5,5,4,2,3,3,4,3,2,3,2,4,1,1,3,1,3,4,5,2,1,1,1,2,1,4,2,3,4,2,3,4,1,2,3,3,4,4,1,1,inlier
37,0,2,0,12,0,5,5,5,4,4,3,5,5,3,4,4,4,5,1,2,1,5,5,5,5,5,5,3,4,5,5,5,5,5,5,3,1,5,5,2,2,1,1,4,5,5,4,5,inlier
51,0,0,1,25,0,3,3,4,4,3,2,3,3,4,5,2,3,3,4,5,2,1,2,1,5,5,5,3,1,5,4,5,1,5,5,5,5,3,3,4,3,5,3,3,5,5,1,5,outlier
60,0,3,1,37,0,3,3,4,4,4,3,4,4,3,4,3,3,2,2,2,2,3,4,4,4,3,3,3,1,1,1,3,1,1,1,4,4,3,3,4,2,2,1,3,4,4,1,3,outlier
53,0,4,1,25,0,5,5,5,5,5,5,5,5,5,5,4,2,5,5,5,5,3,3,5,5,5,5,5,3,5,5,5,4,3,5,4,1,5,5,5,4,4,5,5,5,5,4,3,outlier
60,1,1,1,39,0,4,3,4,4,4,1,3,3,3,3,3,3,3,5,5,4,3,3,3,4,4,5,4,3,4,4,3,1,1,1,3,3,3,3,5,4,4,3,4,4,4,1,1,inlier
36,0,2,0,3,0,3,3,3,5,4,4,3,3,3,3,2,4,2,2,3,1,4,4,3,3,4,4,2,2,1,1,2,4,5,2,4,3,2,2,2,2,2,2,3,3,3,2,3,inlier
53,0,1,1,18,0,3,3,3,5,4,3,3,4,3,3,3,3,3,3,3,1,3,3,3,3,4,4,1,1,1,1,4,1,2,2,4,4,3,3,2,4,4,4,3,4,2,1,1,inlier
41,1,1,1,12,0,2,2,3,5,3,3,4,4,2,2,2,4,2,2,1,1,1,3,1,4,5,5,1,1,1,1,1,3,4,4,4,3,1,1,1,2,1,1,1,1,3,2,3,inlier
27,1,0,0,1,0,3,4,5,5,5,3,5,4,4,5,4,4,4,3,2,5,2,3,3,5,5,5,5,3,5,4,5,3,5,4,2,2,5,5,5,5,5,5,5,5,5,3,5,outlier
46,0,0,1,20,0,3,3,3,5,4,3,4,4,3,3,2,4,2,3,2,1,2,2,1,4,5,5,2,2,2,1,3,1,1,2,4,1,2,3,4,4,4,5,5,5,5,1,3,inlier
51,1,1,0,20,0,4,4,5,5,5,3,3,3,4,4,4,4,4,3,3,1,2,3,1,5,5,5,2,1,3,1,4,1,3,1,3,2,3,4,3,3,2,2,3,5,5,1,1,inlier
29,1,0,0,5,0,2,2,3,4,4,4,2,3,3,3,2,2,3,4,3,1,2,4,2,4,4,4,1,1,2,3,2,2,4,4,2,3,2,2,5,3,3,5,3,3,5,1,2,inlier
59,1,0,1,20,0,3,3,3,5,4,3,3,3,4,4,4,4,3,4,3,1,2,4,2,5,5,5,1,3,1,2,4,3,2,4,5,3,2,2,2,2,3,5,2,2,5,4,2,inlier
58,0,0,0,5,0,3,1,2,4,3,5,3,3,1,2,2,5,3,1,5,1,2,5,3,5,5,4,1,1,2,1,2,3,1,4,2,2,1,1,1,1,1,1,2,3,4,4,4,outlier
61,1,2,1,5,0,3,4,4,5,4,5,4,4,4,4,4,5,3,1,5,1,2,4,2,4,5,5,2,1,3,3,4,1,2,4,4,2,1,1,4,1,4,1,4,4,4,1,1,inlier
41,1,2,1,15,0,4,4,4,4,4,4,4,4,4,4,4,2,4,3,3,3,3,3,3,3,3,2,2,3,4,4,3,4,4,3,3,3,3,3,3,3,3,3,4,4,4,1,3,inlier
62,0,3,1,30,0,4,3,4,5,3,4,4,4,2,2,2,4,3,4,3,2,2,3,3,5,4,3,2,1,2,2,4,2,1,2,3,3,3,3,5,4,4,3,2,3,3,1,1,inlier
33,0,4,1,7,0,3,3,4,5,4,4,5,4,4,4,3,4,5,4,3,1,4,5,5,4,5,5,5,1,4,2,5,1,3,3,4,4,5,4,4,4,4,4,5,5,2,1,1,inlier
44,0,2,1,20,0,3,3,4,4,4,2,4,4,3,4,3,2,3,2,2,2,2,4,3,4,2,4,3,1,3,3,3,2,1,3,4,3,3,3,3,3,3,2,4,4,4,1,1,inlier
47,1,0,1,18,0,5,5,5,5,5,3,5,5,4,3,3,2,3,3,3,2,3,3,3,3,3,3,3,1,5,5,5,1,2,1,4,3,3,3,3,3,3,2,4,4,4,1,1,inlier
23,0,3,0,1,0,4,4,4,4,3,4,4,4,3,3,3,3,3,3,3,1,3,3,3,5,4,4,2,2,4,4,3,3,3,3,3,2,3,3,3,2,3,2,3,4,4,3,1,outlier
39,1,0,1,13,0,1,4,4,4,4,1,4,4,4,4,4,5,4,1,2,4,2,2,1,5,5,5,2,1,3,3,5,5,5,5,3,3,3,4,1,1,1,1,4,4,4,1,2,inlier
48,1,0,1,21,0,2,2,3,5,3,1,1,2,3,3,3,3,2,1,2,1,2,3,2,5,5,5,1,1,1,1,3,1,3,1,3,3,1,1,4,4,3,1,1,3,1,1,1,inlier
40,1,3,1,12,0,1,1,2,4,4,3,1,3,2,2,2,4,2,3,3,1,1,3,2,2,4,3,1,1,1,1,1,1,2,1,3,3,1,1,3,3,2,1,1,1,3,1,1,inlier
35,1,3,0,3,0,3,3,2,5,3,3,1,2,3,3,3,3,3,3,3,1,3,3,3,3,3,3,1,1,1,1,3,2,3,1,3,3,1,1,1,1,1,1,2,1,2,1,1,inlier
26,0,4,0,1,0,4,4,4,5,5,4,5,5,4,5,2,5,4,5,2,1,2,4,5,5,3,5,5,5,4,5,5,3,4,1,5,3,5,5,4,5,2,4,5,5,5,4,5,outlier
33,0,1,0,2,0,1,1,2,4,3,4,3,2,1,1,2,5,1,2,2,1,3,2,1,4,5,3,1,1,1,1,1,1,2,2,4,4,1,1,3,2,2,3,2,3,3,3,1,inlier
45,0,1,1,8,0,1,1,1,5,5,4,2,1,1,3,1,1,1,1,1,1,2,2,2,3,1,1,1,1,1,1,1,1,5,1,3,1,1,1,1,1,1,1,1,2,3,1,1,inlier
47,0,2,1,25,0,4,4,4,5,5,4,5,5,4,4,4,4,4,5,3,1,4,5,3,5,4,5,3,4,4,4,5,5,4,2,5,4,5,5,5,5,5,5,4,5,5,1,1,inlier
35,1,0,1,11,0,2,2,3,4,3,3,4,4,2,1,1,5,3,2,2,1,3,4,4,5,5,5,2,1,2,1,2,2,1,4,3,2,2,1,4,2,2,3,2,4,4,1,5,inlier
26,1,5,0,4,0,3,2,3,5,4,4,4,4,3,4,2,5,2,2,3,1,1,2,1,3,3,3,1,1,1,1,2,1,3,1,2,2,1,2,2,2,2,3,1,2,3,1,1,inlier
49,0,0,1,15,0,4,4,5,5,4,3,5,4,4,5,4,5,4,2,2,5,3,2,3,5,5,5,3,2,5,5,5,5,5,5,4,2,5,5,4,2,4,5,4,5,4,2,1,outlier
29,0,4,0,5,0,4,3,4,5,4,3,5,4,4,4,3,3,4,3,3,1,4,4,5,5,3,4,3,1,4,4,4,1,1,2,2,4,4,3,3,3,3,2,4,4,5,1,1,inlier
59,0,2,1,35,0,4,4,5,5,5,5,4,3,3,3,3,2,4,4,5,1,3,3,4,5,5,5,1,3,4,4,5,1,1,4,5,4,4,4,4,3,2,3,4,4,5,5,1,inlier
26,0,1,0,2,0,2,4,3,5,5,4,5,5,3,4,3,5,2,3,3,1,1,5,4,5,5,5,2,1,4,4,3,4,5,5,2,1,3,4,4,4,4,3,3,3,5,1,2,outlier
58,0,0,0,10,0,3,3,3,5,5,4,4,3,4,4,4,3,3,3,3,3,4,4,2,3,3,5,3,2,3,3,2,2,4,3,5,4,4,4,3,4,4,3,4,5,5,3,2,inlier
36,0,0,0,1,0,3,3,5,5,5,4,5,3,5,4,4,1,4,2,3,2,2,4,3,4,4,5,4,2,4,4,4,1,4,4,4,4,5,5,3,3,3,3,4,5,5,1,1,inlier
41,1,3,1,15,0,3,4,4,5,4,4,4,4,4,3,4,2,3,3,3,1,1,1,3,4,4,4,3,2,2,1,3,1,1,1,3,1,2,1,4,3,5,5,1,4,5,1,3,inlier
29,0,4,0,3,0,4,4,4,5,2,3,5,4,3,4,4,5,4,4,3,2,1,2,2,5,5,5,3,4,4,3,4,2,5,4,5,3,4,5,3,4,2,5,3,5,4,2,2,inlier
43,1,0,1,20,0,2,2,2,5,4,3,3,3,2,2,2,4,2,2,3,1,1,3,1,3,3,3,1,1,1,1,2,1,2,3,3,3,1,1,1,1,1,1,1,1,1,1,1,inlier
52,0,4,1,15,0,5,5,5,5,5,4,5,5,4,5,4,2,4,3,4,4,4,4,4,5,5,5,4,2,5,3,5,2,2,3,2,2,4,4,3,3,3,3,4,5,5,2,5,outlier
36,0,3,1,2,0,5,5,5,5,5,4,5,5,3,4,3,4,4,3,3,5,2,4,5,5,5,5,5,3,5,4,5,1,2,1,2,2,4,5,5,3,2,4,4,5,2,1,1,inlier
27,0,2,0,0,0,5,5,5,5,5,4,5,5,5,5,5,1,5,4,4,3,5,4,4,5,5,5,5,5,5,5,5,3,4,2,2,3,5,5,5,3,5,5,5,5,5,2,5,outlier
50,0,3,1,12,0,3,3,3,4,4,4,3,4,4,4,4,3,5,4,4,2,5,3,4,4,3,4,3,1,5,5,5,1,1,1,4,4,5,5,5,4,5,5,3,3,3,1,2,inlier
58,0,0,1,20,0,2,3,3,4,4,4,4,4,2,2,2,3,2,2,2,2,2,2,2,3,4,4,2,1,2,2,3,2,2,2,4,3,2,2,3,4,4,3,3,3,3,1,2,inlier
47,0,0,1,20,0,4,4,5,5,4,4,4,5,4,3,3,4,2,4,3,1,1,1,3,3,5,5,2,1,4,4,5,1,5,5,4,4,4,4,4,4,5,5,5,5,5,1,1,inlier
34,1,0,1,10,0,3,4,4,5,4,4,4,4,3,4,1,3,3,2,4,1,3,4,4,5,5,5,3,1,1,2,3,1,3,1,2,1,1,1,5,5,3,4,4,4,5,1,1,inlier
59,0,0,0,24,0,2,2,2,4,3,4,4,4,3,3,2,4,3,2,3,2,2,4,2,4,4,4,2,1,2,2,2,2,2,2,3,3,2,2,3,2,3,4,4,4,5,2,2,inlier
45,0,0,0,18,0,5,5,5,5,5,5,5,5,5,5,5,3,5,4,2,5,3,3,3,5,5,5,4,3,5,3,5,5,5,4,3,2,5,5,5,5,4,4,5,5,5,3,4,outlier
34,1,1,1,6,0,5,4,4,5,5,5,5,5,4,5,3,2,4,4,2,1,1,2,1,4,5,5,2,1,4,4,4,2,2,3,1,1,4,2,4,3,4,4,5,5,5,1,2,inlier
48,0,0,1,21,0,2,2,3,4,4,5,3,3,3,2,2,4,3,2,2,1,1,2,1,4,3,5,1,1,1,2,2,3,2,1,4,2,1,1,3,4,3,5,4,5,4,1,1,inlier
50,0,0,1,1,0,2,2,3,5,3,3,4,3,2,2,2,4,3,2,2,1,1,2,1,4,1,5,1,1,1,1,1,1,1,1,4,2,1,1,3,4,3,5,1,1,2,1,1,inlier
52,1,0,1,19,0,2,3,2,4,3,3,2,2,3,4,4,3,4,1,1,1,1,3,2,5,2,3,1,1,1,1,2,1,1,3,2,2,1,1,1,1,1,1,2,2,3,1,1,inlier
43,0,5,1,21,0,3,3,3,5,5,2,4,5,3,3,4,5,2,2,2,1,2,2,2,3,3,4,1,1,2,2,2,1,2,1,5,4,2,2,2,2,2,2,2,2,3,1,1,inlier
53,0,0,0,25,0,3,3,4,5,4,3,4,4,4,4,4,3,3,2,3,3,2,2,2,3,4,5,3,2,3,3,5,2,2,4,3,3,4,4,4,3,3,4,4,4,4,1,1,inlier
39,0,5,1,9,0,3,3,3,5,4,3,3,4,3,3,2,5,2,2,4,1,1,2,2,4,5,4,3,1,1,1,3,5,5,3,3,1,2,2,5,4,3,4,5,5,5,4,1,inlier
40,0,3,1,10,0,3,3,5,5,4,2,4,4,4,4,3,2,5,3,2,5,4,5,4,5,5,5,3,1,5,5,3,1,2,4,4,2,5,5,1,5,2,2,4,4,2,1,1,inlier
41,1,3,1,12,0,3,4,3,5,5,2,4,4,3,3,3,2,3,2,3,1,3,5,4,4,4,4,2,1,3,3,3,1,1,4,4,4,3,3,3,5,3,3,2,3,3,1,1,inlier
